x,y,label
-0.07085,-0.62326,1.00000
0.51172,0.53912,1.00000
-0.04802,-0.45216,0.00000
0.36795,-0.72369,0.00000
-0.52456,-0.07199,1.00000
0.75649,-0.44639,0.00000
0.41504,-0.45479,1.00000
0.91791,-0.05917,0.00000
0.63398,-0.09068,1.00000
0.39157,0.46157,0.00000
-0.25184,0.58374,0.00000
0.74802,-0.36379,0.00000
-0.24882,-0.14131,0.00000
-0.16344,0.43520,1.00000
0.05171,-0.38621,0.00000
-0.66035,-0.42343,0.00000
0.53312,-0.14556,0.00000
-0.88028,0.28723,1.00000
0.25219,0.04250,1.00000
0.80985,-0.43673,0.00000
-0.02775,-0.21505,1.00000
-0.36726,0.54433,0.00000
0.23361,0.61638,0.00000
-0.61223,-0.51755,0.00000
0.50466,-0.74286,0.00000
-0.67473,0.60042,1.00000
-0.14349,-0.42188,0.00000
0.67663,0.17779,1.00000
0.64972,-0.56135,0.00000
-0.15319,-0.54496,1.00000
0.10543,-0.84056,0.00000
-0.36557,0.59601,0.00000
-0.20049,-0.55424,1.00000
-0.08406,0.20102,0.00000
0.40181,-0.82018,0.00000
0.21359,0.33975,1.00000
0.88459,-0.17206,0.00000
-0.31142,0.04627,0.00000
0.15939,-0.65761,1.00000
-0.49433,-0.35829,1.00000
0.37017,0.63908,1.00000
0.09180,0.82726,1.00000
0.22564,0.52735,0.00000
-0.25778,0.07438,0.00000
0.90486,-0.05174,0.00000
0.70086,-0.23322,1.00000
-0.24256,-0.56183,1.00000
0.18192,-0.58743,1.00000
0.30910,-0.83506,0.00000
0.13924,0.04590,0.00000
-0.50845,-0.20166,1.00000
-0.46832,0.15711,1.00000
-0.46202,-0.26845,1.00000
-0.58863,0.44500,0.00000
-0.41869,-0.67820,0.00000
-0.03974,0.86784,1.00000
0.02988,-0.61890,1.00000
-0.22872,-0.29710,0.00000
-0.85762,0.23710,1.00000
-0.70756,-0.23555,0.00000
-0.42249,-0.21038,0.00000
0.52670,0.61782,1.00000
-0.19792,0.67482,0.00000
0.48687,0.33489,0.00000
-0.54353,0.40118,0.00000
-0.91555,-0.02960,1.00000
-0.23835,-0.51164,1.00000
0.31783,-0.74863,0.00000
-0.53850,0.07377,1.00000
-0.01206,0.64464,0.00000
-0.06044,-0.77462,0.00000
-0.13704,0.82784,1.00000
-0.13305,-0.32994,0.00000
0.52264,0.16288,0.00000
0.55849,-0.00546,0.00000
0.17520,-0.41687,0.00000
0.32145,0.02170,1.00000
-0.48030,-0.67507,0.00000
-0.67286,-0.42464,0.00000
0.31885,-0.76734,0.00000
-0.70609,0.22265,0.00000
-0.26171,-0.17788,0.00000
-0.41613,0.13931,1.00000
0.09877,0.58133,0.00000
0.63853,0.40504,1.00000
0.40392,-0.24836,0.00000
-0.15684,0.80316,1.00000
0.55682,-0.70534,0.00000
0.18164,0.33160,1.00000
-0.03342,0.43146,1.00000
0.68742,0.27585,1.00000
-0.92697,0.01292,1.00000
0.45630,-0.13657,0.00000
-0.77719,0.12542,0.00000
0.57900,-0.61057,0.00000
-0.50794,0.04704,1.00000
0.47977,0.54704,1.00000
-0.28671,0.06063,0.00000
-0.52576,-0.55868,0.00000
-0.75704,0.52008,1.00000
-0.64766,-0.38328,0.00000
-0.27787,0.15709,0.00000
0.70167,0.31073,1.00000
-0.04096,0.58164,0.00000
-0.06289,-0.64430,1.00000
0.06937,-0.58944,1.00000
0.30281,-0.79783,0.00000
-0.04754,-0.18273,1.00000
0.44492,0.30628,0.00000
0.02458,-0.90054,0.00000
0.59104,-0.33490,1.00000
-0.16179,0.34261,1.00000
0.47085,0.07517,0.00000
-0.84345,0.31276,1.00000
-0.93452,-0.00699,1.00000
-0.06301,0.21160,0.00000
0.52084,0.07091,0.00000
-0.45950,0.13155,1.00000
-0.48853,-0.34154,1.00000
0.05203,0.20238,0.00000
0.52636,0.57654,1.00000
0.37652,-0.73053,0.00000
0.58973,-0.01095,0.00000
0.50076,0.17652,0.00000
-0.39062,0.30125,1.00000
0.48822,0.22263,0.00000
0.53042,0.59762,1.00000
-0.32938,-0.79851,0.00000
-0.04568,0.83841,1.00000
0.48244,-0.00849,0.00000
0.45252,0.68204,1.00000
-0.44483,-0.18079,1.00000
-0.72392,-0.00324,0.00000
0.23128,0.49852,0.00000
-0.19635,0.90780,1.00000
0.98099,0.02274,0.00000
-0.17777,-0.58077,1.00000
-0.89299,0.12936,1.00000
0.72323,0.11292,1.00000
-0.15233,0.64002,0.00000
-0.24161,-0.67345,0.00000
0.30253,0.14120,1.00000
0.43986,-0.77374,0.00000
0.17405,-0.46524,0.00000
0.38867,-0.80044,0.00000
0.38717,0.64980,1.00000
0.02123,0.56557,0.00000
-0.71487,-0.02687,0.00000
-0.45727,0.00363,1.00000
-0.11402,0.80959,1.00000
-0.21740,0.57220,0.00000
-0.51942,-0.05285,1.00000
0.46902,0.19033,0.00000
-0.12939,0.17044,0.00000
0.42320,-0.83895,0.00000
0.51885,0.31960,0.00000
0.70144,0.08436,1.00000
0.85215,-0.27538,0.00000
0.25574,0.31581,1.00000
-0.07053,0.39454,1.00000
-0.50566,-0.64659,0.00000
0.66527,0.33891,1.00000
-0.05602,0.80596,1.00000
-0.30473,-0.03516,0.00000
-0.48717,0.02893,1.00000
-0.32182,-0.13427,0.00000
-0.03907,-0.76746,0.00000
0.17145,-0.64545,1.00000
-0.30024,0.01320,0.00000
0.55589,0.53369,1.00000
0.18581,0.61478,0.00000
0.72544,-0.45671,0.00000
0.67436,-0.04700,1.00000
0.57523,0.55184,1.00000
0.09323,-0.20560,1.00000
0.93608,-0.02906,0.00000
0.95359,-0.14916,0.00000
-0.09324,-0.59338,1.00000
-0.09807,-0.45128,0.00000
0.49401,-0.20052,0.00000
-0.45286,-0.28773,1.00000
0.08075,0.77627,1.00000
0.13556,0.80346,1.00000
0.23634,-0.82467,0.00000
-0.50789,-0.17824,1.00000
0.96097,-0.17642,0.00000
0.15889,-0.82606,0.00000
-0.24944,0.79994,1.00000
-0.19982,-0.32668,0.00000
0.33038,-0.32584,0.00000
0.78059,-0.50792,0.00000
0.08117,0.61829,0.00000
0.25711,-0.07778,1.00000
-0.38618,-0.67760,0.00000
0.93383,-0.12155,0.00000
-0.26731,0.35449,1.00000
0.53774,0.06852,0.00000
-0.93429,-0.01218,1.00000
-0.72354,0.02552,0.00000
0.26178,-0.77418,0.00000
-0.19898,-0.28277,0.00000
-0.76354,-0.19848,0.00000
-0.25871,0.87492,1.00000
-0.43875,0.16707,1.00000
-0.36743,-0.39106,1.00000
-0.15424,-0.77410,0.00000
-0.23644,0.79421,1.00000
-0.06389,-0.38733,0.00000
-0.21272,-0.27054,0.00000
0.25155,-0.64394,1.00000
-0.36158,0.77742,1.00000
0.73497,0.19728,1.00000
-0.67477,0.31811,0.00000
-0.00075,-0.88947,0.00000
0.00505,0.78235,1.00000
-0.34004,-0.44607,1.00000
-0.48821,0.13710,1.00000
-0.47351,0.70046,1.00000
0.27755,-0.06669,1.00000
-0.87339,0.25346,1.00000
-0.51864,0.39015,0.00000
0.92441,-0.29242,0.00000
-0.31635,0.00012,0.00000
0.55929,0.14614,0.00000
0.47634,-0.39719,1.00000
-0.13896,0.42843,1.00000
-0.70569,-0.40956,0.00000
-0.25121,0.53354,0.00000
-0.43865,-0.31734,1.00000
0.44552,-0.73471,0.00000
0.24376,-0.42776,0.00000
0.52385,-0.01987,0.00000
0.51109,0.17221,0.00000
0.37732,0.37576,0.00000
-0.35600,-0.39729,1.00000
0.53016,0.23519,0.00000
-0.52738,-0.60713,0.00000
0.47227,-0.76312,0.00000
-0.21122,0.66806,0.00000
-0.69656,-0.26848,0.00000
0.71744,-0.10124,1.00000
-0.46719,0.18963,1.00000
-0.93126,0.05953,1.00000
-0.49506,0.43846,0.00000
-0.55475,0.10379,1.00000
-0.12571,-0.63275,1.00000
0.17127,0.41358,1.00000
0.64727,0.31124,1.00000
0.09882,-0.87881,0.00000
-0.48457,-0.04985,1.00000
-0.51693,0.03498,1.00000
-0.70103,-0.09687,0.00000
0.49148,-0.75776,0.00000
-0.45432,0.18506,1.00000
0.39033,0.35315,0.00000
0.08627,0.32961,1.00000
0.13775,0.04829,0.00000
-0.67760,-0.34007,0.00000
-0.84783,0.28508,1.00000
-0.53335,0.82936,1.00000
0.04661,0.37970,1.00000
-0.58104,0.39191,0.00000
-0.02308,0.21322,0.00000
-0.31079,-0.19203,0.00000
0.27224,-0.36515,0.00000
0.18574,0.28112,1.00000
0.23059,-0.81637,0.00000
0.69935,-0.47519,0.00000
0.51961,0.15618,0.00000
0.02275,0.76364,1.00000
0.07764,0.13316,0.00000
0.04342,0.74375,1.00000
0.34712,-0.60449,1.00000
-0.67875,0.21435,0.00000
0.51051,0.00856,0.00000
0.30300,0.47276,0.00000
-0.10142,0.77985,1.00000
0.32864,-0.32302,0.00000
-0.22624,-0.36109,0.00000
0.76312,0.23226,1.00000
0.56092,0.52411,1.00000
0.30530,-0.56475,1.00000
-0.52474,-0.18862,1.00000
-0.72324,0.15290,0.00000
-0.47934,-0.25881,1.00000
0.86948,-0.33085,0.00000
-0.13960,-0.03713,1.00000
-0.27021,0.13596,0.00000
-0.51890,-0.28077,1.00000
-0.62597,-0.44044,0.00000
0.25422,-0.10893,1.00000
-0.37630,0.21967,1.00000
-0.29580,0.83835,1.00000
0.81707,-0.29249,0.00000
-0.32444,0.30581,1.00000
-0.77134,-0.20932,0.00000
-0.28728,-0.16007,0.00000
0.22709,0.57387,0.00000
0.48051,-0.76248,0.00000
-0.29255,-0.47596,1.00000
0.49983,-0.13728,0.00000
-0.47023,0.48138,0.00000
-0.45931,-0.62114,0.00000
0.12553,-0.38262,0.00000
0.36796,-0.55025,1.00000
-0.70351,0.51023,1.00000
-0.28375,0.75463,1.00000
0.84571,-0.37004,0.00000
-0.59140,0.31563,0.00000
0.43934,0.64223,1.00000
-0.63452,0.15013,0.00000
-0.05419,-0.61362,1.00000
0.50530,-0.13759,0.00000
0.14928,-0.80695,0.00000
-0.46729,0.47331,0.00000
-0.90404,0.01079,1.00000
-0.64957,-0.43588,0.00000
-0.42664,0.15757,1.00000
0.09583,-0.81299,0.00000
0.26493,0.83764,1.00000
0.67065,-0.16732,1.00000
0.13993,0.29460,1.00000
-0.25364,-0.72003,0.00000
-0.23338,-0.34187,0.00000
0.24033,0.20716,1.00000
-0.23575,0.04791,0.00000
0.40202,0.66081,1.00000
-0.73548,-0.07208,0.00000
0.78462,-0.51079,0.00000
-0.34085,0.33788,1.00000
-0.24091,-0.31517,0.00000
0.37322,0.63639,1.00000
0.16251,-0.13897,1.00000
-0.14948,0.44344,1.00000
-0.74329,-0.09232,0.00000
0.65022,-0.37904,1.00000
-0.23508,-0.29555,0.00000
0.75967,-0.42647,0.00000
0.05313,0.60008,0.00000
0.21031,-0.39193,0.00000
0.07046,0.77954,1.00000
-0.75905,-0.11614,0.00000
0.00756,-0.88193,0.00000
-0.32971,0.77088,1.00000
0.27110,-0.83088,0.00000
0.43431,-0.21388,0.00000
0.65240,-0.14868,1.00000
-0.42601,0.30734,1.00000
0.32083,0.17512,1.00000
0.89546,-0.32082,0.00000
0.35783,0.72695,1.00000
0.05764,0.79320,1.00000
0.88626,-0.18298,0.00000
0.03294,0.80895,1.00000
-0.53772,0.68517,1.00000
0.02507,-0.20409,1.00000
-0.53833,0.07192,1.00000
0.84061,-0.42768,0.00000
-0.30880,0.30658,1.00000
0.04086,0.81744,1.00000
0.78775,-0.44908,0.00000
0.05539,-0.82226,0.00000
0.59858,0.44526,1.00000
-0.14206,0.18312,0.00000
0.91908,-0.07536,0.00000
-0.66827,-0.43845,0.00000
-1.00000,0.02224,1.00000
0.49500,0.57730,1.00000
-0.22179,-0.49062,1.00000
-0.12564,-0.31509,0.00000
-0.74245,0.44027,1.00000
-0.05807,-0.38879,0.00000
-0.78787,0.43279,1.00000
0.93559,-0.03009,0.00000
0.03249,0.82234,1.00000
0.20701,0.71491,1.00000
0.48531,-0.17477,0.00000
-0.48699,-0.03958,1.00000
-0.63882,0.28487,0.00000
0.64248,-0.66541,0.00000
-0.59929,0.54349,1.00000
0.75720,0.02835,1.00000
0.25757,-0.20315,1.00000
-0.20841,-0.80332,0.00000
-0.43152,0.49960,0.00000
0.71111,0.31087,1.00000
0.40189,0.44521,0.00000
0.64270,-0.38821,1.00000
-0.84105,0.32062,1.00000
-0.61584,0.32532,0.00000
-0.26143,0.78619,1.00000
0.18976,0.74418,1.00000
-0.72436,-0.32769,0.00000
-0.83881,0.37646,1.00000
-0.87257,0.18525,1.00000
-0.37458,-0.71165,0.00000
0.87567,-0.28795,0.00000
-0.28487,0.33838,1.00000
-0.58636,0.30522,0.00000
-0.40135,0.82701,1.00000
0.42342,-0.24579,0.00000
-0.69314,-0.28418,0.00000
0.12177,0.77836,1.00000
-0.26114,0.42499,1.00000
0.66178,-0.23988,1.00000
0.09947,0.78970,1.00000
0.93929,-0.20891,0.00000
0.63442,0.44505,1.00000
0.04298,0.20604,0.00000
0.49886,-0.69036,0.00000
-0.72385,-0.02120,0.00000
-0.54893,0.34485,0.00000
-0.88129,0.11323,1.00000
-0.76444,0.43164,1.00000
0.04653,-0.18360,1.00000
-0.13940,-0.38932,0.00000
0.19200,0.24568,1.00000
-0.64718,0.55577,1.00000
-0.66320,-0.21471,0.00000
-0.16563,0.42378,1.00000
0.91157,-0.08834,0.00000
-0.49415,0.06735,1.00000
0.22391,-0.46433,0.00000
-0.20086,-0.39338,0.00000
-0.64924,0.58992,1.00000
0.50868,-0.00998,0.00000
0.67725,0.38800,1.00000
0.12865,0.39464,1.00000
-0.34888,0.28129,1.00000
-0.62686,-0.22740,0.00000
0.57836,-0.36018,1.00000
-0.30843,-0.71565,0.00000
-0.28118,0.10871,0.00000
-0.69694,-0.27702,0.00000
-0.44439,0.25884,1.00000
-0.26510,-0.45752,1.00000
0.05776,-0.40300,0.00000
0.46501,-0.12803,0.00000
-0.95364,0.04551,1.00000
-0.24571,-0.12317,0.00000
-0.10249,-0.56111,1.00000
0.67081,-0.60266,0.00000
-0.26235,-0.23059,0.00000
0.72378,0.15170,1.00000
0.25089,0.53238,0.00000
0.68912,-0.59321,0.00000
-0.47612,0.69208,1.00000
-0.21777,0.79809,1.00000
0.44549,0.65705,1.00000
-0.46519,-0.26959,1.00000
0.17706,-0.80593,0.00000
0.55718,0.07358,0.00000
-0.44625,0.14762,1.00000
0.45423,-0.73178,0.00000
-0.60954,-0.35932,0.00000
-0.81561,0.35997,1.00000
0.02025,-0.66371,1.00000
-0.30976,0.55911,0.00000
0.47395,0.23177,0.00000
-0.27603,-0.01564,0.00000
-0.42867,0.75170,1.00000
0.04138,-0.22366,1.00000
-0.70776,-0.17228,0.00000
0.33478,0.03018,1.00000
-0.46093,0.11239,1.00000
0.62877,-0.18393,1.00000
0.44143,0.64458,1.00000
-0.71640,0.16080,0.00000
0.44156,0.35615,0.00000
-0.40000,-0.37348,1.00000
0.11327,0.20843,0.00000
-0.70710,0.15137,0.00000
-0.30233,-0.04220,0.00000
0.48308,0.07332,0.00000
0.23335,-0.80812,0.00000
-0.93564,0.22394,1.00000
0.25684,0.07459,1.00000
-0.86573,0.20272,1.00000
-0.50882,0.03995,1.00000
-0.56036,-0.54781,0.00000
0.13477,-0.38378,0.00000
0.50956,0.25660,0.00000
0.29703,-0.34386,0.00000
0.66410,0.33160,1.00000
0.26079,0.12988,1.00000
-0.67521,-0.01973,0.00000
0.44264,-0.69335,0.00000
0.08805,-0.62422,1.00000
0.97218,-0.07392,0.00000
-0.88723,0.32026,1.00000
0.76600,-0.53579,0.00000
0.01865,-0.18576,1.00000
-0.16490,0.36125,1.00000
-0.23729,-0.85627,0.00000
0.25606,-0.77266,0.00000
-0.24958,0.78361,1.00000
-0.16777,0.26103,0.00000
0.85203,-0.19440,0.00000
0.11781,0.64250,0.00000
-0.38501,-0.69521,0.00000
0.68182,0.22144,1.00000
0.53898,0.17921,0.00000
-0.35453,0.82363,1.00000
0.26097,-0.59786,1.00000
0.21668,-0.61108,1.00000
0.03492,0.44695,1.00000
-0.67225,-0.16241,0.00000
0.12838,-0.33113,0.00000
-0.02842,-0.63891,1.00000
-0.88692,0.22259,1.00000
-0.55364,0.47756,0.00000
0.00247,0.77197,1.00000
0.20972,0.81908,1.00000
-0.57011,0.61975,1.00000
0.51177,0.09644,0.00000
0.16587,0.57907,0.00000
-0.86367,0.18721,1.00000
0.08295,0.80821,1.00000
0.35213,0.51513,0.00000
0.74879,-0.49238,0.00000
-0.09089,0.39970,1.00000
-0.28627,0.79882,1.00000
0.50505,0.28501,0.00000
0.16032,0.59563,0.00000
0.57267,-0.69281,0.00000
-0.54965,0.43309,0.00000
-0.65611,0.65579,1.00000
0.82415,-0.41543,0.00000
-0.51902,0.05291,1.00000
0.23923,-0.12424,1.00000
0.57317,0.43652,1.00000
-0.47507,-0.27993,1.00000
0.65062,0.50456,1.00000
0.13546,0.30499,1.00000
0.27431,-0.83699,0.00000
0.24182,0.52302,0.00000
0.30760,0.01036,1.00000
-0.94342,0.17078,1.00000
-0.18130,0.22837,0.00000
0.01837,-0.43092,0.00000
0.85071,-0.30410,0.00000
-0.51792,-0.13076,1.00000
-0.86460,0.29088,1.00000
0.70872,0.03553,1.00000
-0.12394,0.23461,0.00000
-0.28604,-0.76398,0.00000
0.27220,-0.57787,1.00000
0.94395,-0.02213,0.00000
-0.87700,0.28294,1.00000
0.54438,-0.47579,1.00000
-0.73596,0.49061,1.00000
0.54248,-0.37940,1.00000
-0.19817,0.16307,0.00000
0.68498,0.29835,1.00000
-0.72366,0.49305,1.00000
0.95572,-0.24402,0.00000
0.05209,-0.17384,1.00000
-0.30202,0.35192,1.00000
-0.22494,-0.33592,0.00000
-0.70951,-0.00540,0.00000
0.44486,-0.43887,1.00000
0.54950,0.57714,1.00000
0.29373,-0.74637,0.00000
-0.72724,-0.07510,0.00000
0.10054,0.37230,1.00000
-0.20307,0.81567,1.00000
-0.66304,-0.39725,0.00000
0.64300,-0.17011,1.00000
-0.17992,0.53830,0.00000
0.65847,-0.20878,1.00000
0.69443,0.04053,1.00000
0.48046,-0.68513,0.00000
-0.53395,0.74721,1.00000
0.40615,-0.17261,0.00000
0.46020,-0.15724,0.00000
0.31789,-0.76494,0.00000
-0.14345,-0.40465,0.00000
0.18974,0.80319,1.00000
0.35149,0.73045,1.00000
-0.08395,0.82896,1.00000
0.39278,0.75218,1.00000
0.31419,-0.03902,1.00000
-0.67290,0.24623,0.00000
-0.70547,0.22203,0.00000
-0.01592,0.45545,1.00000
0.13091,0.63510,0.00000
0.64437,0.45168,1.00000
-0.26227,-0.22726,0.00000
0.71261,-0.53540,0.00000
0.18301,0.77931,1.00000
0.27928,0.00233,1.00000
0.47534,-0.13726,0.00000
-0.90770,0.13497,1.00000
-0.37483,0.23658,1.00000
0.25125,-0.84383,0.00000
0.27755,-0.00865,1.00000
-0.91432,0.10691,1.00000
0.28388,0.15979,1.00000
0.08291,0.15593,0.00000
0.27114,0.31096,1.00000
-0.36688,-0.40769,1.00000
-0.38829,-0.36266,1.00000
-0.74159,0.53907,1.00000
-0.83540,0.19098,1.00000
0.50538,-0.72883,0.00000
0.46575,-0.44957,1.00000
-0.87655,0.27058,1.00000
-0.31480,0.70044,1.00000
-0.62997,0.36096,0.00000
-0.57359,0.38502,0.00000
-0.65149,0.63508,1.00000
-0.34562,-0.41919,1.00000
0.51276,-0.51972,1.00000
0.63362,0.39990,1.00000
-0.09203,0.45209,1.00000
0.52378,-0.43886,1.00000
-0.22010,0.66701,0.00000
-0.10740,-0.79676,0.00000
0.19646,-0.82986,0.00000
0.28645,0.12618,1.00000
0.47971,0.36782,0.00000
-0.45954,0.69464,1.00000
0.67972,-0.65336,0.00000
0.07880,-0.63800,1.00000
-0.48339,-0.01432,1.00000
0.35095,0.49936,0.00000
0.24275,-0.38063,0.00000
0.29351,0.24099,1.00000
-0.02499,-0.46193,0.00000
0.33903,-0.74225,0.00000
-0.12102,-0.13485,1.00000
0.44858,-0.14798,0.00000
-0.09178,-0.59593,1.00000
0.04208,-0.40647,0.00000
-0.75412,0.47926,1.00000
-0.21438,-0.31742,0.00000
-0.72602,0.50473,1.00000
0.05233,0.60685,0.00000
0.48088,0.06368,0.00000
0.48551,-0.27707,0.00000
0.34510,0.52452,0.00000
-0.23585,0.32154,1.00000
0.12321,0.61215,0.00000
0.01371,-0.85871,0.00000
0.38045,0.45934,0.00000
0.07468,0.11213,0.00000
-0.66512,0.07998,0.00000
-0.68761,-0.07742,0.00000
0.80053,-0.44536,0.00000
0.47762,0.39429,0.00000
-0.46800,0.07749,1.00000
0.50488,0.27232,0.00000
-0.91469,0.09918,1.00000
-0.06109,-0.83374,0.00000
0.69694,0.26040,1.00000
-0.44728,0.54731,0.00000
-0.50097,-0.04830,1.00000
0.54296,0.19016,0.00000
0.23185,-0.85077,0.00000
-0.33211,0.38093,1.00000
0.18659,-0.21252,1.00000
0.24251,-0.46090,0.00000
-0.68303,-0.33836,0.00000
0.56673,0.48700,1.00000
-0.20749,0.40293,1.00000
-0.52900,-0.63828,0.00000
0.24042,0.56592,0.00000
-0.26690,0.34509,1.00000
0.64242,-0.55958,0.00000
0.24768,-0.04804,1.00000
-0.10219,0.82284,1.00000
0.45742,0.66281,1.00000
0.00724,0.39436,1.00000
-0.35562,-0.77019,0.00000
-0.14185,-0.54379,1.00000
-0.70956,-0.20151,0.00000
-0.50169,0.42089,0.00000
-0.62332,0.22872,0.00000
-0.53187,-0.04476,1.00000
-0.11939,-0.77539,0.00000
-0.53273,-0.09080,1.00000
-0.80060,0.38380,1.00000
0.12947,0.64655,0.00000
0.65981,-0.18872,1.00000
-0.29180,0.52047,0.00000
0.67059,-0.62709,0.00000
-0.71270,-0.46130,0.00000
0.65559,-0.25492,1.00000
0.39487,0.41943,0.00000
-0.36382,-0.80960,0.00000
-0.63052,0.59232,1.00000
-0.24752,-0.12260,0.00000
-0.26013,-0.78914,0.00000
-0.88307,0.38011,1.00000
-0.49153,0.05243,1.00000
0.07778,0.15242,0.00000
0.08059,-0.15537,1.00000
-0.57870,0.67861,1.00000
0.74760,-0.50834,0.00000
0.81678,-0.36067,0.00000
-0.70494,-0.23020,0.00000
-0.73471,0.11658,0.00000
-0.83343,0.30428,1.00000
0.33587,0.08707,1.00000
0.15465,0.40825,1.00000
-0.33204,0.33164,1.00000
-0.94281,0.07826,1.00000
-0.75970,0.00684,0.00000
-0.54138,0.46991,0.00000
-0.21757,-0.22588,0.00000
0.72457,-0.10068,1.00000
-0.05223,-0.55670,1.00000
-0.61117,0.21632,0.00000
-0.95369,0.01134,1.00000
-0.63462,0.31612,0.00000
-0.22012,0.39914,1.00000
0.38906,0.39086,0.00000
-0.07622,0.42565,1.00000
0.06391,0.42804,1.00000
-0.70352,0.21518,0.00000
0.20482,-0.46467,0.00000
-0.38529,-0.47964,1.00000
-0.23528,0.82776,1.00000
0.52703,0.01568,0.00000
-0.63441,-0.40372,0.00000
-0.72350,0.16904,0.00000
0.23722,0.12092,1.00000
0.05840,-0.63409,1.00000
-0.36269,0.27011,1.00000
0.53302,-0.38354,1.00000
0.57770,-0.30070,1.00000
0.13036,0.61490,0.00000
-0.50000,-0.14684,1.00000
0.71336,-0.43180,0.00000
0.47476,0.67388,1.00000
-0.41066,0.47685,0.00000
-0.29466,-0.10606,0.00000
-0.77436,-0.18720,0.00000
0.38273,-0.80361,0.00000
-0.43184,0.51177,0.00000
0.73690,-0.53109,0.00000
-0.33957,0.59657,0.00000
-0.69549,-0.17233,0.00000
-0.05316,0.80766,1.00000
-0.26810,0.09218,0.00000
-0.34288,0.75056,1.00000
0.14790,0.36436,1.00000
-0.82346,0.35841,1.00000
0.44783,0.64701,1.00000
-0.62360,-0.37126,0.00000
-0.51993,-0.62574,0.00000
-0.23491,0.12006,0.00000
0.49920,0.05988,0.00000
-0.14154,-0.78882,0.00000
0.02916,0.86309,1.00000
0.15650,0.31188,1.00000
-0.43625,-0.68349,0.00000
0.45564,0.60758,1.00000
-0.30242,-0.21155,0.00000
-0.66546,-0.02495,0.00000
0.39444,-0.35460,0.00000
-0.44063,0.51990,0.00000
-0.22846,0.78961,1.00000
-0.46824,0.45412,0.00000
0.37048,0.71456,1.00000
-0.87720,0.30421,1.00000
0.93538,-0.14293,0.00000
-0.16773,-0.61021,1.00000
-0.05474,-0.40258,0.00000
-0.83270,0.40754,1.00000
0.20949,0.75876,1.00000
0.67350,-0.01146,1.00000
-0.67010,0.52161,1.00000
0.47730,-0.73022,0.00000
0.33593,-0.02632,1.00000
0.36128,0.14165,1.00000
0.16689,0.74786,1.00000
-0.03407,-0.15970,1.00000
0.91241,-0.08618,0.00000
0.28124,0.21614,1.00000
0.05241,-0.37671,0.00000
0.94938,-0.05101,0.00000
-0.13916,-0.76954,0.00000
0.43030,-0.56544,1.00000
0.24000,0.59462,0.00000
-0.03462,0.62545,0.00000
-0.50158,0.06161,1.00000
-0.61787,0.27872,0.00000
-0.12983,0.42567,1.00000
-0.52971,0.63371,1.00000
-0.64814,0.57969,1.00000
0.61877,-0.27678,1.00000
0.20572,0.55318,0.00000
0.59212,-0.32567,1.00000
0.29103,0.18212,1.00000
0.05710,0.44497,1.00000
0.70594,-0.09285,1.00000
0.13075,-0.84332,0.00000
-0.55091,-0.14756,1.00000
-0.27122,-0.15718,0.00000
-0.46187,0.13613,1.00000
0.15833,-0.56311,1.00000
-0.21046,0.81802,1.00000
-0.58179,0.64163,1.00000
0.05374,0.84175,1.00000
-0.00888,0.37559,1.00000
0.79906,0.04299,1.00000
0.68702,-0.02163,1.00000
0.12375,-0.26284,1.00000
-0.91353,0.12373,1.00000
-0.45045,0.14357,1.00000
-0.23154,0.81017,1.00000
0.57047,0.21306,0.00000
0.18212,-0.61279,1.00000
0.69784,0.22914,1.00000
0.30600,-0.26940,0.00000
0.17568,0.57539,0.00000
-0.07502,0.36722,1.00000
-0.75377,0.04066,0.00000
-0.81077,0.25229,1.00000
-0.32485,0.77451,1.00000
0.90693,-0.32574,0.00000
-0.34784,0.32945,1.00000
-0.30294,0.78783,1.00000
0.52863,-0.41942,1.00000
0.50255,-0.78806,0.00000
0.00481,0.84008,1.00000
-0.45216,-0.59400,0.00000
0.76012,-0.07383,1.00000
0.51784,-0.44381,1.00000
0.46812,-0.50732,1.00000
-0.89221,0.02427,1.00000
-0.91240,0.03981,1.00000
0.03567,0.85886,1.00000
0.31495,0.45264,0.00000
-0.37797,-0.43631,1.00000
0.10933,0.61654,0.00000
0.54899,0.52416,1.00000
-0.87611,0.15742,1.00000
-0.50659,0.42384,0.00000
0.24859,0.35787,1.00000
-0.75759,0.51238,1.00000
0.89334,-0.07309,0.00000
-0.35041,-0.07207,0.00000
-0.11483,0.21515,0.00000
0.36623,0.06862,1.00000
0.39444,-0.48515,1.00000
-0.40701,-0.33786,1.00000
-0.32813,-0.00463,0.00000
0.01280,0.77005,1.00000
-0.93840,0.17750,1.00000
-0.03700,0.24543,0.00000
0.85513,-0.16736,0.00000
-0.32595,-0.24713,0.00000
0.34450,0.46439,0.00000
0.06789,0.17720,0.00000
0.42997,-0.24184,0.00000
0.55632,0.13300,0.00000
-0.21162,0.17619,0.00000
-0.88097,0.28510,1.00000
-0.30121,0.84834,1.00000
0.51928,0.29357,0.00000
0.55490,-0.00389,0.00000
-0.58583,-0.00731,1.00000
-0.18834,0.42062,1.00000
0.39513,0.46918,0.00000
-0.46009,0.70790,1.00000
-0.42331,0.77601,1.00000
0.28060,-0.02407,1.00000
0.16219,0.36822,1.00000
-0.64962,-0.55852,0.00000
0.73407,-0.02704,1.00000
0.24178,-0.07604,1.00000
-0.58812,-0.52928,0.00000
0.12275,0.82194,1.00000
0.31025,-0.30758,0.00000
0.46947,-0.42853,1.00000
-0.66947,0.15965,0.00000
-0.22570,-0.30908,0.00000
-0.37460,-0.46915,1.00000
0.23413,-0.77909,0.00000
0.17098,-0.57340,1.00000
-0.75253,0.44878,1.00000
-0.17923,0.40231,1.00000
0.49693,0.12159,0.00000
0.35569,-0.82637,0.00000
-0.10911,-0.54392,1.00000
0.70405,-0.57401,0.00000
-0.26582,0.58506,0.00000
-0.30401,-0.07934,0.00000
-0.26210,0.66720,0.00000
0.93214,-0.22005,0.00000
-0.43256,-0.36969,1.00000
0.42706,-0.14025,0.00000
0.70338,-0.56883,0.00000
-0.57559,0.36624,0.00000
0.20055,-0.47071,0.00000
0.66975,-0.51574,0.00000
-0.50631,0.72127,1.00000
0.84862,-0.29085,0.00000
0.63861,-0.24026,1.00000
-0.05957,-0.23399,1.00000
0.68425,0.30278,1.00000
-0.85600,0.30212,1.00000
0.30342,0.08311,1.00000
0.50360,0.59639,1.00000
0.45240,0.31334,0.00000
0.57571,0.42826,1.00000
-0.18169,0.42864,1.00000
-0.47423,-0.59919,0.00000
-0.19221,-0.81987,0.00000
-0.52662,-0.13014,1.00000
-0.11027,0.60476,0.00000
-0.43339,-0.57321,0.00000
0.29070,-0.88445,0.00000
0.67833,0.43736,1.00000
-0.43461,-0.65952,0.00000
0.08825,-0.77813,0.00000
-0.01268,-0.40797,0.00000
0.86688,-0.31055,0.00000
0.69128,0.17338,1.00000
-0.27516,-0.26897,0.00000
-0.75054,-0.07990,0.00000
-0.50573,-0.23201,1.00000
0.06230,-0.68425,1.00000
0.41901,0.36088,0.00000
0.23810,-0.85867,0.00000
-0.52424,-0.03878,1.00000
-0.14888,-0.56705,1.00000
0.46769,-0.18247,0.00000
0.06438,0.14880,0.00000
0.66606,-0.57154,0.00000
0.06447,0.07895,0.00000
0.16658,-0.43707,0.00000
0.24421,0.21526,1.00000
-0.05432,0.14626,0.00000
0.47951,0.61571,1.00000
0.53311,-0.40930,1.00000
-0.11630,-0.36804,0.00000
0.45683,-0.19621,0.00000
-0.26441,0.06444,0.00000
0.51269,0.55998,1.00000
-0.03328,0.87239,1.00000
0.23669,-0.74801,0.00000
0.49431,-0.74964,0.00000
0.24857,-0.10964,1.00000
0.24490,-0.33373,0.00000
-0.57137,-0.01786,1.00000
0.48306,-0.10562,0.00000
-0.01979,0.59423,0.00000
-0.34772,0.29833,1.00000
-0.55153,0.41094,0.00000
-0.32225,-0.17614,0.00000
0.91428,-0.25643,0.00000
0.65974,0.41220,1.00000
-0.42057,0.54812,0.00000
-0.70894,-0.25660,0.00000
-0.08776,-0.18245,1.00000
-0.50914,-0.73913,0.00000
0.15228,0.34875,1.00000
0.20031,0.79279,1.00000
0.22305,-0.63877,1.00000
0.17796,0.81520,1.00000
-0.57033,0.60581,1.00000
-0.53757,-0.56400,0.00000
0.02970,0.20287,0.00000
-0.29663,-0.05123,0.00000
0.21538,0.26382,1.00000
0.89373,0.00811,0.00000
-0.14207,-0.59412,1.00000
0.13047,0.57687,0.00000
0.95180,0.00750,0.00000
-0.68013,-0.20370,0.00000
-0.63530,0.55980,1.00000
0.61587,-0.61739,0.00000
-0.14616,0.84919,1.00000
-0.03860,-0.88648,0.00000
0.19493,0.82480,1.00000
0.20291,-0.90221,0.00000
-0.01049,0.82517,1.00000
-0.08624,0.48077,1.00000
-0.73304,0.37092,1.00000
0.33954,0.71519,1.00000
-0.88732,0.18722,1.00000
-0.08492,0.27167,0.00000
-0.53524,0.01957,1.00000
-0.26784,0.62705,0.00000
0.81153,-0.37532,0.00000
-0.49212,-0.01129,1.00000
0.42964,0.51682,0.00000
-0.49666,0.41650,0.00000
0.40559,0.44501,0.00000
-0.81007,-0.08361,0.00000
0.59893,-0.20976,1.00000
-0.15588,-0.58186,1.00000
0.13846,0.79395,1.00000
0.51950,0.09784,0.00000
-0.34060,0.34722,1.00000
0.60968,-0.68779,0.00000
0.77215,0.01358,1.00000
-0.21989,-0.29400,0.00000
0.40600,-0.24064,0.00000
-0.23044,0.77120,1.00000
-0.57122,-0.51889,0.00000
-0.09442,0.84741,1.00000
-0.89873,0.15577,1.00000
-0.19100,0.78583,1.00000
-0.24520,0.64265,0.00000
-0.15882,-0.79258,0.00000
-0.08046,0.21402,0.00000
0.01906,0.64885,0.00000
0.15333,0.77105,1.00000
-0.66136,0.20217,0.00000
-0.67216,0.64782,1.00000
0.06346,0.15726,0.00000
-0.13988,-0.83540,0.00000
-0.26200,-0.10627,0.00000
0.41397,0.69167,1.00000
0.72645,0.04136,1.00000
-0.40046,-0.31010,1.00000
-0.70480,-0.00662,0.00000
0.48253,-0.40745,1.00000
0.42326,0.33046,0.00000
0.46848,-0.38588,1.00000
0.60962,-0.30460,1.00000
0.14465,-0.21393,1.00000
-0.31337,-0.10735,0.00000
0.65409,-0.29507,1.00000
-0.54755,-0.05849,1.00000
0.41155,0.36946,0.00000
0.36463,0.44584,0.00000
0.28468,0.75885,1.00000
-0.28669,0.13141,0.00000
0.37409,-0.35494,0.00000
-0.78762,-0.14507,0.00000
-0.12226,-0.60990,1.00000
0.92149,-0.23804,0.00000
0.93794,-0.09183,0.00000
-0.88780,0.26853,1.00000
0.76598,-0.06821,1.00000
-0.36036,-0.71385,0.00000
-0.63546,-0.46127,0.00000
-0.11229,0.78429,1.00000
-0.00256,-0.16837,1.00000
-0.65358,-0.31412,0.00000
-0.85107,0.34267,1.00000
-0.30222,-0.76063,0.00000
0.70563,-0.12208,1.00000
-0.15281,0.60889,0.00000
-0.37184,0.75308,1.00000
-0.69869,-0.26707,0.00000
-0.15453,0.20231,0.00000
0.41776,0.43237,0.00000
-0.69504,-0.29968,0.00000
0.49600,-0.14353,0.00000
-0.70744,0.48846,1.00000
0.85256,-0.41276,0.00000
0.29455,-0.05946,1.00000
0.55138,-0.03098,0.00000
-0.17291,0.64497,0.00000
0.64559,0.00425,1.00000
-0.18869,0.43298,1.00000
-0.08837,-0.19480,1.00000
0.21140,0.30152,1.00000
0.64506,-0.60053,0.00000
0.50190,-0.01254,0.00000
-0.49545,-0.62528,0.00000
-0.19546,0.73453,1.00000
-0.07939,-0.59535,1.00000
0.42780,0.02426,0.00000
0.83818,-0.23769,0.00000
0.28428,0.14382,1.00000
0.71898,-0.05025,1.00000
0.30723,0.15362,1.00000
0.50958,-0.08299,0.00000
-0.08507,-0.80654,0.00000
-0.87609,0.11210,1.00000
-0.02263,0.80929,1.00000
0.37243,-0.76705,0.00000
-0.51670,-0.27866,1.00000
-0.77222,-0.16241,0.00000
0.32154,0.70280,1.00000
0.41528,-0.32433,0.00000
0.26755,0.77470,1.00000
-0.00276,-0.83895,0.00000
0.69812,-0.65837,0.00000
-0.31932,-0.48565,1.00000
0.65903,0.26075,1.00000
0.21255,-0.15142,1.00000
-0.02729,-0.18256,1.00000
0.30578,0.01610,1.00000
-0.63614,-0.10612,0.00000
0.31924,-0.57076,1.00000
-0.06284,-0.85055,0.00000
-0.66940,0.55693,1.00000
0.36509,0.51482,0.00000
-0.26843,-0.21990,0.00000
0.09684,-0.40889,0.00000
0.71854,0.42994,1.00000
-0.21073,-0.61000,1.00000
0.31030,0.46912,0.00000
-0.18199,-0.56038,1.00000
-0.13427,-0.10326,1.00000
0.28587,0.70833,1.00000
-0.31909,0.35772,1.00000
0.80472,-0.39044,0.00000
0.26123,-0.36724,0.00000
0.41113,0.63175,1.00000
0.96121,-0.03246,0.00000
0.02205,0.80127,1.00000
-0.35078,-0.06774,0.00000
-0.74276,0.07336,0.00000
-0.16347,0.47291,1.00000
0.21655,-0.16072,1.00000
-0.26936,0.76373,1.00000
0.21118,0.55236,0.00000
0.25008,0.27313,1.00000
-0.57240,-0.15726,1.00000
0.66520,-0.21837,1.00000
0.27987,-0.54993,1.00000
0.20854,0.78708,1.00000
-0.57294,0.62458,1.00000
-0.41752,0.11193,1.00000
-0.48703,-0.64858,0.00000
0.43589,-0.21858,0.00000
-0.84602,0.16538,1.00000
0.53675,0.09004,0.00000
-0.21390,0.61009,0.00000
0.28948,0.18937,1.00000
0.28883,-0.03621,1.00000
-0.46943,-0.65331,0.00000
-0.74741,-0.11813,0.00000
-0.77936,0.33628,1.00000
-0.22187,0.77864,1.00000
-0.11606,0.35143,1.00000
0.73085,-0.52870,0.00000
0.16578,-0.21607,1.00000
0.05872,-0.81504,0.00000
-0.42814,-0.31045,1.00000
0.28582,0.24206,1.00000
0.00675,-0.79384,0.00000
0.74646,0.18637,1.00000
0.53681,-0.11344,0.00000
-0.54454,-0.04843,1.00000
-0.49040,0.04364,1.00000
-0.19329,-0.82881,0.00000
-0.36534,0.74308,1.00000
0.25612,-0.59878,1.00000
0.92857,-0.17029,0.00000
0.53138,-0.42645,1.00000
-0.29522,0.53279,0.00000
-0.88348,0.15792,1.00000
-0.00634,0.80282,1.00000
-0.68758,-0.31223,0.00000
-0.64867,-0.36188,0.00000
0.38114,0.69160,1.00000
-0.40390,0.33836,1.00000
0.69567,0.00119,1.00000
0.28781,-0.53990,1.00000
0.56792,0.19308,0.00000
-0.67038,0.01357,0.00000
0.50133,-0.45749,1.00000
-0.66730,-0.40774,0.00000
0.12054,0.58253,0.00000
-0.37978,-0.66743,0.00000
-0.25490,-0.07907,0.00000
-0.38789,-0.42737,1.00000
-0.44356,0.51344,0.00000
-0.42352,0.72136,1.00000
0.68918,-0.60100,0.00000
-0.13109,-0.46237,0.00000
-0.32254,-0.43953,1.00000
-0.26379,-0.22889,0.00000
0.57108,0.06987,0.00000
-0.84352,0.16282,1.00000
0.87788,-0.31512,0.00000
0.11319,0.35036,1.00000
-0.54108,-0.59684,0.00000
-0.30462,-0.19269,0.00000
-0.64926,0.54020,1.00000
-0.37074,-0.38700,1.00000
0.28350,-0.18764,1.00000
-0.71493,0.03752,0.00000
0.69477,-0.61538,0.00000
0.44990,-0.19114,0.00000
0.35225,0.69721,1.00000
0.16084,-0.41279,0.00000
-0.48409,-0.27458,1.00000
-0.63055,0.61879,1.00000
0.41942,0.35034,0.00000
-0.41684,-0.42673,1.00000
-0.19997,0.18407,0.00000
0.70046,0.23344,1.00000
0.09235,0.64941,0.00000
0.75139,0.04510,1.00000
0.12225,-0.38637,0.00000
0.58104,0.01802,0.00000
0.12163,0.27096,1.00000
-0.23109,-0.81051,0.00000
0.92327,-0.24930,0.00000
0.05916,-0.83725,0.00000
0.49158,-0.50100,1.00000
-0.00624,-0.81489,0.00000
-0.53319,-0.09581,1.00000
-0.03517,-0.40892,0.00000
0.55029,0.26716,0.00000
0.53707,0.14128,0.00000
0.44232,-0.21501,0.00000
-0.74211,-0.13723,0.00000
-0.03073,-0.36996,0.00000
0.27678,0.20971,1.00000
-0.03838,-0.85307,0.00000
-0.35359,-0.50437,1.00000
0.68161,0.02496,1.00000
0.23768,-0.07826,1.00000
-0.47246,0.70158,1.00000
-0.45113,0.77223,1.00000
0.20413,-0.59985,1.00000
-0.06631,-0.37380,0.00000
-0.75136,0.39797,1.00000
-0.10812,0.63987,0.00000
-0.38873,0.20546,1.00000
-0.36051,-0.39927,1.00000
-0.37827,-0.46110,1.00000
0.45126,-0.44287,1.00000
-0.07819,0.62488,0.00000
-0.66424,-0.28685,0.00000
0.31777,0.00420,1.00000
0.49696,-0.14345,0.00000
-0.12759,-0.82905,0.00000
0.13226,0.28739,1.00000
-0.45142,0.65326,1.00000
-0.08997,-0.92422,0.00000
0.29915,0.00087,1.00000
-0.51832,0.70410,1.00000
-0.46837,-0.60947,0.00000
-0.08940,-0.53040,1.00000
0.52383,0.04907,0.00000
-0.33844,-0.53906,1.00000
0.93810,-0.30632,0.00000
0.07669,-0.81055,0.00000
0.65359,-0.61616,0.00000
0.66918,-0.18555,1.00000
-0.73350,0.49909,1.00000
0.65348,-0.02464,1.00000
-0.64283,0.32001,0.00000
0.84658,-0.23822,0.00000
0.74563,0.06666,1.00000
0.63405,-0.25720,1.00000
0.50374,0.29274,0.00000
-0.71620,0.17115,0.00000
0.35657,-0.26858,0.00000
-0.13958,0.85227,1.00000
0.55108,-0.66022,0.00000
-0.22192,0.56555,0.00000
0.87357,-0.22643,0.00000
0.51291,-0.12066,0.00000
0.40813,0.70920,1.00000
0.06189,0.59832,0.00000
0.22697,0.55469,0.00000
-0.74341,-0.01918,0.00000
0.54345,-0.02869,0.00000
-0.69122,0.51962,1.00000
-0.04944,-0.63901,1.00000
-0.55279,0.01628,1.00000
0.72048,-0.00427,1.00000
-0.46534,0.20371,1.00000
0.61659,0.34364,1.00000
-0.85492,0.23762,1.00000
-0.46257,0.14823,1.00000
-0.02786,-0.43770,0.00000
0.69007,-0.09784,1.00000
-0.14095,0.60785,0.00000
-0.02157,-0.60299,1.00000
-0.25205,-0.77599,0.00000
-0.50822,0.76254,1.00000
0.15371,-0.82824,0.00000
0.48394,-0.08916,0.00000
-0.49820,-0.62453,0.00000
0.17590,0.58374,0.00000
-0.52477,-0.00081,1.00000
-0.34603,-0.23871,0.00000
0.39848,-0.45014,1.00000
-0.51287,0.49436,0.00000
-0.47353,-0.01828,1.00000
-0.08177,-0.17155,1.00000
-0.94188,0.02994,1.00000
0.68314,-0.05837,1.00000
0.69710,0.11506,1.00000
0.78429,0.15979,1.00000
0.40465,-0.77054,0.00000
-0.11797,0.41632,1.00000
-0.51265,-0.45373,0.00000
-0.23043,-0.80940,0.00000
0.91277,-0.22780,0.00000
0.64348,-0.12931,1.00000
-0.31661,0.26104,1.00000
0.36574,-0.32316,0.00000
0.75343,-0.00881,1.00000
0.04533,0.56703,0.00000
0.21293,0.33861,1.00000
-0.58278,0.41945,0.00000
-0.30170,-0.48120,1.00000
-0.29776,0.31801,1.00000
-0.16933,0.62581,0.00000
-0.23834,-0.58385,1.00000
0.31045,0.35226,1.00000
0.28273,0.19473,1.00000
-0.48490,0.09548,1.00000
-0.29862,-0.04638,0.00000
-0.49726,-0.16009,1.00000
-0.90486,0.26612,1.00000
-0.26414,-0.50496,1.00000
-0.19395,-0.56951,1.00000
0.49209,-0.09297,0.00000
0.45985,-0.67380,0.00000
0.17314,-0.85360,0.00000
-0.56757,0.36765,0.00000
-0.92204,0.10543,1.00000
-0.71503,0.05965,0.00000
-0.89935,0.08972,1.00000
-0.11543,0.22691,0.00000
0.65824,0.42690,1.00000
-0.48617,0.14410,1.00000
-0.32166,0.06371,0.00000
-0.62844,0.26879,0.00000
-0.57799,-0.51062,0.00000
0.93098,-0.14146,0.00000
-0.51429,0.02121,1.00000
-0.87526,0.21556,1.00000
-0.50436,0.38853,0.00000
0.86169,-0.18993,0.00000
0.22681,-0.35907,0.00000
-0.46319,-0.67275,0.00000
0.22948,-0.07580,1.00000
0.16540,-0.26394,1.00000
0.86520,-0.03643,0.00000
-0.31313,0.00010,0.00000
0.16223,0.80486,1.00000
-0.71727,0.44023,1.00000
0.30791,0.04410,1.00000
0.34497,0.39888,0.00000
0.70028,0.22905,1.00000
-0.50050,-0.06900,1.00000
-0.36104,-0.41284,1.00000
-0.33883,0.82270,1.00000
0.07434,0.38790,1.00000
0.37110,0.72461,1.00000
0.49783,-0.38842,1.00000
-0.79654,0.35633,1.00000
-0.71990,-0.39468,0.00000
0.35734,0.72722,1.00000
-0.00961,-0.54200,1.00000
-0.15631,0.44358,1.00000
-0.09090,0.64200,0.00000
0.70376,0.15064,1.00000
-0.21387,0.79866,1.00000
-0.47762,0.39116,0.00000
-0.44641,-0.33902,1.00000
-0.46181,0.52358,0.00000
-0.72061,-0.02642,0.00000
0.36085,0.51466,0.00000
-0.47341,0.21418,1.00000
-0.74733,-0.04051,0.00000
-0.38783,0.08832,0.00000
-0.14788,0.81915,1.00000
-0.23513,-0.56720,1.00000
-0.38709,-0.65947,0.00000
-0.89910,0.01823,1.00000
0.68936,-0.10737,1.00000
-0.94367,0.27734,1.00000
-0.30114,-0.21683,0.00000
0.21819,-0.37430,0.00000
-0.10394,0.44270,1.00000
0.74277,-0.45875,0.00000
0.14261,0.22852,0.00000
0.24944,-0.04050,1.00000
0.54482,-0.31769,1.00000
0.71096,-0.53301,0.00000
0.40576,0.63910,1.00000
0.25626,-0.84785,0.00000
-0.94214,0.20478,1.00000
-0.43905,0.15368,1.00000
0.11665,-0.47393,0.00000
0.69639,0.05809,1.00000
-0.65192,0.60076,1.00000
-0.10392,-0.06374,1.00000
0.76141,0.11191,1.00000
-0.42596,0.14659,1.00000
0.36981,-0.75599,0.00000
-0.01129,-0.44391,0.00000
0.52528,-0.68322,0.00000
-0.24046,0.36195,1.00000
-0.45563,0.12192,1.00000
-0.21583,0.39814,1.00000
-0.08728,0.64638,0.00000
0.83933,-0.39352,0.00000
0.27078,-0.60173,1.00000
0.25896,0.48678,0.00000
0.28088,-0.01286,1.00000
0.52560,-0.01357,0.00000
0.39957,0.63092,1.00000
-0.22064,0.53269,0.00000
-0.13859,-0.59408,1.00000
0.38090,-0.78287,0.00000
0.09010,-0.82140,0.00000
-0.71603,0.45366,1.00000
-0.14444,0.60086,0.00000
-0.30504,-0.01602,0.00000
0.13589,0.38876,1.00000
-0.31838,-0.42648,1.00000
-0.24670,0.42883,1.00000
-0.08988,-0.67375,1.00000
0.51745,0.55645,1.00000
-0.06522,-0.39342,0.00000
0.51199,-0.35837,1.00000
-0.16237,-0.40487,0.00000
0.04449,0.41992,1.00000
-0.09528,-0.16701,1.00000
0.58608,-0.65174,0.00000
-0.52011,0.74699,1.00000
0.70512,0.13180,1.00000
0.11747,-0.40153,0.00000
0.89753,-0.20606,0.00000
0.43208,0.40207,0.00000
0.92529,-0.06148,0.00000
-0.74865,-0.14932,0.00000
0.23209,-0.64120,1.00000
0.86315,-0.45879,0.00000
0.10038,-0.58244,1.00000
-0.60121,-0.37560,0.00000
0.75321,0.01714,1.00000
0.06186,-0.87244,0.00000
-0.21013,0.80302,1.00000
-0.51572,-0.24570,1.00000
0.08165,-0.40122,0.00000
-0.04278,0.78598,1.00000
-0.22808,0.82128,1.00000
0.54940,-0.43630,1.00000
-0.09140,-0.57003,1.00000
-0.81327,0.45289,1.00000
0.06347,-0.18840,1.00000
-0.96291,0.13730,1.00000
-0.54791,-0.19825,1.00000
-0.16244,-0.77862,0.00000
-0.63974,0.14317,0.00000
0.58347,-0.62118,0.00000
-0.38811,-0.67818,0.00000
0.91174,-0.31204,0.00000
-0.57834,0.37263,0.00000
0.16224,0.08738,0.00000
0.92115,-0.20735,0.00000
0.68103,0.27207,1.00000
-0.40415,0.22980,1.00000
0.26484,-0.00055,1.00000
-0.02272,0.63771,0.00000
-0.07994,-0.81589,0.00000
0.35714,-0.33852,0.00000
0.32690,0.01095,1.00000
-0.74931,0.02404,0.00000
0.45898,0.60991,1.00000
0.31723,0.50199,0.00000
0.72066,0.06398,1.00000
0.42362,-0.49516,1.00000
-0.25833,0.57076,0.00000
-0.31891,0.00415,0.00000
-0.03940,-0.44202,0.00000
0.48855,0.19533,0.00000
-0.25578,0.62395,0.00000
0.21075,0.56897,0.00000
0.20307,-0.59919,1.00000
-0.51946,-0.11742,1.00000
-0.06421,-0.37398,0.00000
-0.28069,-0.15673,0.00000
0.35011,0.03308,1.00000
0.28167,0.27973,1.00000
-0.31743,-0.00049,0.00000
0.43425,0.66818,1.00000
0.08015,-0.76833,0.00000
-0.91822,0.20532,1.00000
-0.35772,0.54237,0.00000
0.32513,-0.77121,0.00000
-0.31934,0.29826,1.00000
-0.12586,0.22513,0.00000
-0.04256,-0.42647,0.00000
-0.07880,-0.37059,0.00000
-0.29684,0.76801,1.00000
-0.73269,0.46171,1.00000
-0.35760,0.53125,0.00000
-0.28700,-0.47494,1.00000
0.63227,0.03056,1.00000
0.86101,-0.31846,0.00000
0.27913,0.02422,1.00000
-0.27859,-0.75491,0.00000
0.72513,0.00176,1.00000
0.47825,-0.46836,1.00000
0.26943,-0.59812,1.00000
0.48601,-0.07065,0.00000
0.57144,-0.04757,0.00000
0.55942,0.56975,1.00000
-0.52084,0.05145,1.00000
-0.46297,-0.16725,1.00000
-0.06752,-0.79961,0.00000
0.34096,-0.33168,0.00000
0.06056,0.21666,0.00000
0.32226,0.08560,1.00000
-0.88000,0.03942,1.00000
0.59378,-0.33347,1.00000
-0.88960,0.15009,1.00000
-0.11506,-0.04895,1.00000
0.29265,0.78887,1.00000
-0.73330,-0.07355,0.00000
0.73609,0.11999,1.00000
0.47047,0.62510,1.00000
-0.46665,-0.16997,1.00000
-0.50610,-0.59369,0.00000
0.77694,-0.43397,0.00000
0.76790,-0.42318,0.00000
0.07341,0.62587,0.00000
-0.38902,-0.29526,1.00000
0.41952,0.31135,0.00000
-0.77963,0.45052,1.00000
0.31324,-0.09552,1.00000
0.29637,-0.81321,0.00000
0.55023,0.03273,0.00000
-0.61953,0.60213,1.00000
0.08988,0.62191,0.00000
0.30458,0.29276,1.00000
0.59555,-0.25657,1.00000
-0.15513,-0.77289,0.00000
0.72231,-0.49147,0.00000
-0.54434,0.47227,0.00000
0.72690,0.08061,1.00000
-0.07301,0.21822,0.00000
0.72463,0.10575,1.00000
0.87808,-0.09267,0.00000
-0.26159,0.04207,0.00000
0.29968,-0.55521,1.00000
0.71217,0.25359,1.00000
-0.72290,0.12855,0.00000
-0.04765,0.58519,0.00000
0.71044,0.15653,1.00000
0.36151,-0.26881,0.00000
0.57447,-0.42886,1.00000
-0.53113,0.63476,1.00000
-0.79121,0.35095,1.00000
-0.64807,-0.29024,0.00000
-0.36167,0.34691,1.00000
-0.33484,0.60391,0.00000
-0.85706,0.24291,1.00000
-0.92255,0.20836,1.00000
0.11663,0.62950,0.00000
-0.43392,-0.72950,0.00000
0.26507,-0.05959,1.00000
0.12464,-0.40238,0.00000
0.72063,0.14969,1.00000
-0.47501,0.03153,1.00000
-0.37998,0.22040,1.00000
0.37316,-0.06035,1.00000
0.07621,-0.58385,1.00000
-0.09838,-0.03392,1.00000
-0.52711,0.49432,0.00000
0.50797,0.58670,1.00000
-0.70407,0.48537,1.00000
-0.80974,-0.10110,0.00000
0.12715,0.57291,0.00000
-0.13970,0.77830,1.00000
0.51613,0.67160,1.00000
0.90974,-0.14995,0.00000
0.47837,0.65336,1.00000
0.55406,-0.66562,0.00000
-0.46236,-0.21127,1.00000
-0.72539,-0.07272,0.00000
-0.13363,-0.79896,0.00000
0.06157,0.38624,1.00000
-0.76321,0.48011,1.00000
0.82139,-0.44496,0.00000
-0.51473,-0.66386,0.00000
-0.39098,-0.71127,0.00000
-0.23862,-0.00258,0.00000
-0.68194,-0.14379,0.00000
0.05292,-0.90632,0.00000
0.70249,-0.52302,0.00000
-0.43659,0.06857,1.00000
-0.41626,-0.41871,1.00000
0.21251,-0.80517,0.00000
-0.12723,-0.08972,1.00000
0.75403,0.11735,1.00000
0.51409,0.55796,1.00000
0.12486,0.73969,1.00000
0.78975,0.02840,1.00000
-0.52038,-0.05781,1.00000
-0.31588,-0.19434,0.00000
-0.47737,-0.12535,1.00000
-0.40915,-0.71799,0.00000
-0.70289,-0.05995,0.00000
-0.09200,0.81650,1.00000
-0.27436,-0.81684,0.00000
-0.27207,0.07026,0.00000
-0.12273,-0.77731,0.00000
0.57580,0.57754,1.00000
0.92572,-0.10989,0.00000
-0.70444,-0.17543,0.00000
0.12041,-0.21248,1.00000
-0.69273,0.13418,0.00000
0.31576,0.19821,1.00000
0.90484,-0.13721,0.00000
-0.12986,0.43414,1.00000
0.33527,-0.37668,0.00000
-0.36504,0.28703,1.00000
-0.38238,0.75306,1.00000
-0.00352,-0.90827,0.00000
-0.71030,-0.21471,0.00000
0.57032,-0.71681,0.00000
-0.00140,0.42355,1.00000
0.54366,-0.64465,0.00000
-0.24429,0.17402,0.00000
-0.32223,0.31202,1.00000
-0.48805,-0.04713,1.00000
0.02851,-0.41008,0.00000
0.16840,-0.44727,0.00000
-0.76273,-0.10221,0.00000
0.61998,-0.21021,1.00000
0.23692,-0.39850,0.00000
-0.43142,0.17071,1.00000
0.32741,-0.78453,0.00000
-0.52375,0.75083,1.00000
0.23318,-0.42880,0.00000
0.24584,0.76454,1.00000
0.41140,-0.40278,0.00000
0.08410,-0.22896,1.00000
0.52828,0.14871,0.00000
0.45299,-0.22689,0.00000
-0.74524,-0.00654,0.00000
0.30113,-0.59020,1.00000
0.25345,-0.79322,0.00000
0.56104,0.00389,0.00000
-0.57393,0.64741,1.00000
0.02174,0.12330,0.00000
0.44569,-0.79220,0.00000
0.04276,0.36450,1.00000
0.24842,0.30155,1.00000
-0.04902,0.36551,1.00000
0.17649,0.32283,1.00000
-0.19971,0.15956,0.00000
-0.48700,-0.24076,1.00000
0.95270,-0.13208,0.00000
-0.76946,0.53077,1.00000
0.50234,-0.09899,0.00000
0.93814,0.04758,0.00000
0.24278,0.24358,1.00000
0.66690,0.05809,1.00000
-0.27598,0.07409,0.00000
0.07360,-0.14596,1.00000
-0.25638,-0.52399,1.00000
0.71316,0.15892,1.00000
0.08771,-0.81952,0.00000
-0.24137,-0.51391,1.00000
-0.55715,0.43369,0.00000
0.39548,0.66644,1.00000
-0.31343,-0.47495,1.00000
-0.03033,-0.85834,0.00000
0.23146,-0.81128,0.00000
-0.33518,-0.73657,0.00000
0.19098,0.31017,1.00000
0.24507,-0.63959,1.00000
-0.18859,0.86603,1.00000
0.62426,-0.31112,1.00000
-0.12744,-0.56132,1.00000
0.08708,0.79999,1.00000
0.69424,-0.52727,0.00000
-0.60296,-0.43448,0.00000
0.34742,-0.57954,1.00000
-0.12687,-0.35966,0.00000
-0.11832,0.65708,0.00000
0.08338,0.44139,1.00000
-0.46948,0.68394,1.00000
-0.79378,0.40648,1.00000
0.25103,-0.13931,1.00000
-0.27358,-0.20482,0.00000
-0.85816,0.30371,1.00000
0.46236,-0.26453,0.00000
0.41097,0.73935,1.00000
0.21977,0.27670,1.00000
-0.16294,-0.80205,0.00000
0.55903,-0.36195,1.00000
0.28855,0.75025,1.00000
0.66090,-0.15562,1.00000
0.60750,-0.30059,1.00000
0.16404,-0.18738,1.00000
0.28220,0.48475,0.00000
-0.31678,0.09900,0.00000
-0.25341,0.80996,1.00000
-0.46972,0.68300,1.00000
0.69964,0.11619,1.00000
-0.19141,-0.82207,0.00000
0.70687,0.01554,1.00000
0.32200,-0.39783,0.00000
0.29124,0.73890,1.00000
0.68949,-0.59968,0.00000
-0.67314,0.17247,0.00000
-0.65013,0.63874,1.00000
0.91994,-0.08711,0.00000
0.60905,0.48192,1.00000
0.40457,0.46006,0.00000
0.58927,-0.58174,0.00000
-0.39799,-0.02323,0.00000
0.74244,-0.47272,0.00000
-0.51615,0.66656,1.00000
-0.32062,0.72658,1.00000
-0.75467,0.46075,1.00000
0.55974,0.36468,1.00000
-0.22333,-0.79871,0.00000
-0.12819,-0.18132,1.00000
0.52147,-0.76650,0.00000
0.12521,0.62697,0.00000
-0.26635,0.05090,0.00000
0.10740,0.78345,1.00000
0.70393,0.13032,1.00000
-0.69394,0.06511,0.00000
-0.15754,0.76864,1.00000
0.78374,-0.41450,0.00000
-0.45877,-0.35892,1.00000
0.82972,-0.38282,0.00000
0.44967,0.35722,0.00000
0.13496,-0.79801,0.00000
-0.86483,0.36493,1.00000
-0.14385,-0.38127,0.00000
0.30446,0.22071,1.00000
0.70602,0.43572,1.00000
0.35119,-0.25843,0.00000
-0.23350,0.15585,0.00000
-0.74769,-0.13500,0.00000
-0.41314,-0.64307,0.00000
0.15781,-0.76714,0.00000
-0.21977,-0.37108,0.00000
-0.29145,-0.22622,0.00000
0.95223,-0.06470,0.00000
-0.48428,-0.17834,1.00000
-0.29201,0.75826,1.00000
0.71950,-0.50358,0.00000
-0.60806,0.33429,0.00000
-0.32039,0.59608,0.00000
0.43488,-0.16961,0.00000
-0.37500,0.74553,1.00000
0.22017,-0.08212,1.00000
-0.20869,-0.81040,0.00000
-0.71924,0.63152,1.00000
0.15090,-0.49959,0.00000
0.12305,-0.19315,1.00000
-0.92231,-0.02846,1.00000
-0.00046,-0.84915,0.00000
-0.76139,0.44822,1.00000
-0.30031,-0.49384,1.00000
0.16786,-0.58763,1.00000
-0.08660,-0.87732,0.00000
0.02917,0.78765,1.00000
0.49393,0.19192,0.00000
-0.38498,0.30528,1.00000
-0.28653,-0.73332,0.00000
0.42290,0.58900,1.00000
0.90235,-0.05479,0.00000
-0.40969,-0.59281,0.00000
0.51790,0.08960,0.00000
0.87942,-0.25461,0.00000
0.00507,-0.81468,0.00000
0.22102,-0.57508,1.00000
0.28789,0.76940,1.00000
0.67715,0.27413,1.00000
0.22757,-0.14530,1.00000
-0.70176,0.51115,1.00000
-0.37255,-0.72838,0.00000
-0.31528,-0.72830,0.00000
-0.55119,-0.44435,0.00000
-0.65823,0.31967,0.00000
-0.91251,0.07839,1.00000
-0.58711,0.34611,0.00000
0.72194,0.04999,1.00000
0.50881,-0.01548,0.00000
-0.57089,-0.04936,1.00000
-0.68680,-0.18422,0.00000
0.12562,0.67863,0.00000
0.44088,0.33647,0.00000
-0.11512,0.23020,0.00000
-0.57738,-0.50474,0.00000
0.12576,0.80525,1.00000
0.19774,-0.17813,1.00000
0.49800,0.37068,0.00000
-0.32167,0.65652,0.00000
0.32795,0.41465,0.00000
-0.72581,-0.12432,0.00000
-0.21600,-0.59119,1.00000
0.52298,0.58113,1.00000
0.34133,0.71101,1.00000
0.35520,-0.50200,1.00000
0.56985,-0.35552,1.00000
-0.36502,-0.02939,0.00000
-0.52480,-0.61404,0.00000
-0.52158,0.05198,1.00000
0.65601,-0.53724,0.00000
-0.03435,-0.81577,0.00000
0.90093,-0.25276,0.00000
-0.51147,0.46702,0.00000
0.61486,-0.63355,0.00000
-0.40626,-0.27994,1.00000
-0.02619,-0.55327,1.00000
0.22009,0.77089,1.00000
0.64816,0.34682,1.00000
0.86789,-0.31313,0.00000
0.25321,-0.62694,1.00000
0.11615,-0.39401,0.00000
-0.50422,-0.12674,1.00000
0.39421,0.49518,0.00000
0.37640,0.73528,1.00000
0.42855,-0.29648,0.00000
-0.46544,0.65825,1.00000
-0.35640,-0.49204,1.00000
-0.69912,0.10114,0.00000
-0.33092,0.00734,0.00000
-0.72067,0.24462,0.00000
0.51081,-0.04232,0.00000
-0.43392,0.73253,1.00000
-0.72882,0.04047,0.00000
-0.12811,-0.37228,0.00000
0.70155,0.37743,1.00000
0.27752,0.21027,1.00000
0.35131,-0.53133,1.00000
0.32551,0.13122,1.00000
-0.48402,-0.58849,0.00000
-0.59457,0.32079,0.00000
0.50737,-0.43158,1.00000
-0.77986,0.53076,1.00000
0.55464,-0.05639,0.00000
-0.13228,0.58400,0.00000
0.45926,-0.13191,0.00000
-0.06220,0.82909,1.00000
-0.41768,0.51711,0.00000
-0.49733,-0.25288,1.00000
0.70365,-0.00780,1.00000
0.78839,0.11102,1.00000
0.33360,0.13336,1.00000
0.34008,0.41124,0.00000
0.83078,-0.48010,0.00000
1.00000,-0.05713,0.00000
-0.60133,0.54426,1.00000
-0.91898,0.08939,1.00000
-0.33290,0.59839,0.00000
0.47054,-0.45508,1.00000
0.24444,-0.60055,1.00000
0.52466,0.23573,0.00000
0.18320,0.56746,0.00000
-0.54551,-0.52204,0.00000
0.75102,-0.53325,0.00000
0.55542,0.14349,0.00000
-0.36904,-0.04125,0.00000
0.52271,-0.08122,0.00000
0.36819,-0.74812,0.00000
0.11227,-0.63707,1.00000
0.37078,-0.78751,0.00000
-0.70296,0.59815,1.00000
-0.08131,0.18356,0.00000
0.14079,0.40044,1.00000
0.35626,-0.79806,0.00000
-0.01411,-0.84138,0.00000
0.44144,-0.77357,0.00000
0.45271,-0.06805,0.00000
-0.32833,0.00842,0.00000
0.40166,0.44259,0.00000
0.75732,-0.36404,0.00000
-0.07044,-0.82503,0.00000
0.27642,-0.58621,1.00000
-0.01137,-0.78276,0.00000
-0.84590,0.45256,1.00000
-0.73853,0.02512,0.00000
-0.51082,-0.56418,0.00000
-0.23627,0.81435,1.00000
-0.21053,-0.36439,0.00000
0.21248,-0.86089,0.00000
-0.13921,0.82199,1.00000
0.17843,-0.39674,0.00000
-0.36193,-0.72180,0.00000
-0.36865,0.73619,1.00000
0.09433,0.85197,1.00000
0.73512,0.07522,1.00000
-0.26481,-0.26359,0.00000
-0.29167,0.81358,1.00000
0.67618,-0.18574,1.00000
-0.76477,0.41840,1.00000
0.04155,-0.19582,1.00000
-0.70591,-0.01545,0.00000
0.39573,-0.53147,1.00000
0.42693,0.34536,0.00000
-0.48930,-0.32466,1.00000
-0.34426,0.71652,1.00000
-0.09486,-0.36113,0.00000
0.68424,0.34897,1.00000
-0.26644,-0.57359,1.00000
-0.53217,-0.52161,0.00000
0.32302,-0.31875,0.00000
0.25860,-0.84864,0.00000
-0.07631,-0.39700,0.00000
0.28449,0.24141,1.00000
-0.70696,-0.30993,0.00000
-0.35173,-0.43605,1.00000
0.73105,0.29045,1.00000
-0.40138,0.74778,1.00000
-0.59509,0.65169,1.00000
0.93291,-0.22127,0.00000
-0.71762,-0.15330,0.00000
0.31911,-0.05166,1.00000
-0.74960,0.43617,1.00000
0.35738,-0.35343,0.00000
-0.35428,0.28623,1.00000
-0.29882,0.31543,1.00000
-0.50811,-0.07450,1.00000
0.56359,-0.02055,0.00000
-0.14741,-0.57295,1.00000
0.70205,0.16538,1.00000
-0.75163,0.39345,1.00000
-0.17118,-0.32649,0.00000
0.03823,0.40708,1.00000
0.92633,-0.24854,0.00000
-0.27844,-0.20633,0.00000
0.24387,0.56791,0.00000
0.98325,-0.28661,0.00000
0.41062,0.28220,0.00000
-0.05455,-0.43592,0.00000
-0.74951,0.02748,0.00000
0.16325,-0.79288,0.00000
-0.36281,-0.46351,1.00000
0.23374,-0.81481,0.00000
-0.06512,0.39038,1.00000
0.76303,-0.43705,0.00000
0.23616,0.72549,1.00000
0.97479,-0.03142,0.00000
0.67877,0.18926,1.00000
0.09198,0.16107,0.00000
-0.50567,0.17419,1.00000
-0.65641,-0.24751,0.00000
0.73815,-0.44494,0.00000
0.76148,0.05398,1.00000
-0.51008,0.03014,1.00000
-0.78560,0.42517,1.00000
-0.74739,-0.13170,0.00000
-0.14412,-0.79870,0.00000
0.43185,0.63954,1.00000
0.52293,-0.38627,1.00000
0.68341,0.23741,1.00000
0.27433,0.51644,0.00000
-0.84856,0.39115,1.00000
-0.09492,-0.61547,1.00000
0.16499,0.82247,1.00000
-0.12212,-0.58180,1.00000
-0.63078,-0.46104,0.00000
-0.09080,-0.61134,1.00000
0.62880,0.02622,1.00000
0.24697,-0.61201,1.00000
-0.14867,-0.50606,1.00000
-0.11072,0.76702,1.00000
-0.75245,-0.07324,0.00000
0.63105,-0.27748,1.00000
0.30453,-0.35343,0.00000
0.48822,-0.75117,0.00000
-0.00637,0.85332,1.00000
-0.37472,-0.67337,0.00000
0.55287,-0.35831,1.00000
-0.76404,-0.03902,0.00000
0.41946,-0.78532,0.00000
-0.36378,-0.76524,0.00000
0.41330,-0.24918,0.00000
0.47655,0.13757,0.00000
-0.93677,-0.00953,1.00000
0.62973,-0.60793,0.00000
-0.51481,0.01176,1.00000
-0.41722,0.57622,0.00000
-0.31389,0.09276,0.00000
0.62408,0.37845,1.00000
-0.42102,-0.68584,0.00000
0.46229,-0.70533,0.00000
-0.11224,0.46083,1.00000
0.71113,0.30562,1.00000
-0.10721,0.63198,0.00000
0.17743,0.55841,0.00000
0.37565,-0.29358,0.00000
-0.29071,0.36530,1.00000
-0.10046,-0.80362,0.00000
0.24231,-0.58830,1.00000
0.77359,0.26959,1.00000
-0.86362,0.26223,1.00000
0.40687,-0.23606,0.00000
0.52355,0.55249,1.00000
0.27235,0.50564,0.00000
-0.02937,0.39390,1.00000
0.03147,-0.87425,0.00000
-0.20367,-0.57569,1.00000
-0.43646,-0.69191,0.00000
0.13785,0.32797,1.00000
-0.50127,-0.37738,1.00000
-0.77662,0.02226,0.00000
0.07205,0.40828,1.00000
