[
{"name": "Sanukiya", "url": "/biz/sanukiya-paris?osq=restaurant+japonais"},
{"name": "Sushi Yaki", "url": "/biz/sushi-yaki-paris-4?osq=restaurant+japonais"},
{"name": "Aki", "url": "/biz/aki-paris-2?osq=restaurant+japonais"},
{"name": "Onigiriya", "url": "/biz/onigiriya-paris?osq=restaurant+japonais"},
{"name": "Minori", "url": "/biz/minori-paris?osq=restaurant+japonais"},
{"name": "Edogawa", "url": "/biz/edogawa-paris?osq=restaurant+japonais"},
{"name": "Sushi Room", "url": "/biz/sushi-room-paris?osq=restaurant+japonais"},
{"name": "Hokkaido", "url": "/biz/hokkaido-paris-15?osq=restaurant+japonais"},
{"name": "Pontochoux", "url": "/biz/pontochoux-paris?osq=restaurant+japonais"},
{"name": "Y-Izakaya", "url": "/biz/y-izakaya-paris?osq=restaurant+japonais"},
{"name": "Naka", "url": "/biz/naka-paris?osq=restaurant+japonais"},
{"name": "Okuda", "url": "/biz/okuda-paris?osq=restaurant+japonais"},
{"name": "Oi Sushi", "url": "/biz/oi-sushi-paris?osq=restaurant+japonais"},
{"name": "Kunitoraya - Bistro Udon", "url": "/biz/kunitoraya-bistro-udon-paris?osq=restaurant+japonais"},
{"name": "A\u00efda", "url": "/biz/a%C3%AFda-paris-4?osq=restaurant+japonais"},
{"name": "Ippudo Saint-Germain", "url": "/biz/ippudo-saint-germain-paris?osq=restaurant+japonais"},
{"name": "Takara", "url": "/biz/takara-paris-2?osq=restaurant+japonais"},
{"name": "Yamakawa", "url": "/biz/yamakawa-paris-3?osq=restaurant+japonais"},
{"name": "Asia Food Buffet a Volont\u00e9", "url": "/biz/asia-food-buffet-a-volont%C3%A9-paris?osq=restaurant+japonais"},
{"name": "D\u2019Avenir", "url": "/biz/d-avenir-paris?osq=restaurant+japonais"},
{"name": "Sushi Story", "url": "/biz/sushi-story-paris-2?osq=restaurant+japonais"},
{"name": "Kintaro", "url": "/biz/kintaro-paris?osq=restaurant+japonais"},
{"name": "Abri Soba", "url": "/biz/abri-soba-paris?osq=restaurant+japonais"},
{"name": "Teppanyaki Ginza Onodera", "url": "/biz/teppanyaki-ginza-onodera-paris?osq=restaurant+japonais"},
{"name": "Yamagoya", "url": "/biz/yamagoya-paris?osq=restaurant+japonais"},
{"name": "Hokkaido", "url": "/biz/hokkaido-paris-10?osq=restaurant+japonais"},
{"name": "Kaori", "url": "/biz/kaori-paris?osq=restaurant+japonais"},
{"name": "Kodawari Ramen", "url": "/biz/kodawari-ramen-paris-9?osq=restaurant+japonais"},
{"name": "Yeko sushi", "url": "/biz/yeko-sushi-paris?osq=restaurant+japonais"},
{"name": "Hokkaido", "url": "/biz/hokkaido-paris-7?osq=restaurant+japonais"},
{"name": "Sushi Wa", "url": "/biz/sushi-wa-paris-2?osq=restaurant+japonais"},
{"name": "Tekkaba", "url": "/biz/tekkaba-paris?osq=restaurant+japonais"},
{"name": "Sushi Al\u00e9sia", "url": "/biz/sushi-al%C3%A9sia-paris-4?osq=restaurant+japonais"},
{"name": "Teppanyaki sushi", "url": "/biz/teppanyaki-sushi-paris?osq=restaurant+japonais"},
{"name": "Nagasaki", "url": "/biz/nagasaki-paris?osq=restaurant+japonais"},
{"name": "La Maison du Sak\u00e9", "url": "/biz/la-maison-du-sak%C3%A9-paris?osq=restaurant+japonais"},
{"name": "Nagoya", "url": "/biz/nagoya-paris-3?osq=restaurant+japonais"},
{"name": "Sushi Q", "url": "/biz/sushi-q-paris?osq=restaurant+japonais"},
{"name": "Toyama", "url": "/biz/toyama-paris-4?osq=restaurant+japonais"},
{"name": "Le Bar \u00e0 Sushi Izumi", "url": "/biz/le-bar-%C3%A0-sushi-izumi-paris-3?osq=restaurant+japonais"},
{"name": "Ginza", "url": "/biz/ginza-paris-5?osq=restaurant+japonais"},
{"name": "Fuji Yaki", "url": "/biz/fuji-yaki-paris-2?osq=restaurant+japonais"},
{"name": "Kushikatsu Bon", "url": "/biz/kushikatsu-bon-paris-2?osq=restaurant+japonais"},
{"name": "Kagayaki", "url": "/biz/kagayaki-paris?osq=restaurant+japonais"},
{"name": "Hokkaido", "url": "/biz/hokkaido-paris-11?osq=restaurant+japonais"},
{"name": "Hyogo Sushi", "url": "/biz/hyogo-sushi-paris?osq=restaurant+japonais"},
{"name": "Okinawa", "url": "/biz/okinawa-ivry-sur-seine?osq=restaurant+japonais"},
{"name": "Jin", "url": "/biz/jin-paris?osq=restaurant+japonais"},
{"name": "Sushi Nara", "url": "/biz/sushi-nara-paris?osq=restaurant+japonais"},
{"name": "Ikura", "url": "/biz/ikura-paris?osq=restaurant+japonais"},
{"name": "Sazanka", "url": "/biz/sazanka-paris?osq=restaurant+japonais"},
{"name": "Sanki", "url": "/biz/sanki-boulogne-billancourt-2?osq=restaurant+japonais"},
{"name": "Nagoya", "url": "/biz/nagoya-paris-2?osq=restaurant+japonais"},
{"name": "Aqua Sushi", "url": "/biz/aqua-sushi-paris-2?osq=restaurant+japonais"},
{"name": "Okasushi", "url": "/biz/okasushi-paris?osq=restaurant+japonais"},
{"name": "Momonoki", "url": "/biz/momonoki-paris?osq=restaurant+japonais"},
{"name": "Kodawari Ramen", "url": "/biz/kodawari-ramen-paris-8?osq=restaurant+japonais"},
{"name": "Nishikura", "url": "/biz/nishikura-paris?osq=restaurant+japonais"},
{"name": "Midory", "url": "/biz/midory-paris?osq=restaurant+japonais"},
{"name": "Juji-Ya", "url": "/biz/juji-ya-paris?osq=restaurant+japonais"},
{"name": "Fuji Yaki", "url": "/biz/fuji-yaki-paris-3?osq=restaurant+japonais"},
{"name": "Ka\u00eften", "url": "/biz/ka%C3%AFten-paris-2?osq=restaurant+japonais"},
{"name": "kouchi Yaki", "url": "/biz/kouchi-yaki-paris?osq=restaurant+japonais"},
{"name": "Yotaro", "url": "/biz/yotaro-levallois-perret?osq=restaurant+japonais"},
{"name": "Okomusu", "url": "/biz/okomusu-paris?osq=restaurant+japonais"},
{"name": "Muki Sushi", "url": "/biz/muki-sushi-paris-2?osq=restaurant+japonais"},
{"name": "Matsuhisa", "url": "/biz/matsuhisa-paris?osq=restaurant+japonais"},
{"name": "Ten Chi", "url": "/biz/ten-chi-paris-2?osq=restaurant+japonais"},
{"name": "Sanyo Sushi", "url": "/biz/sanyo-sushi-paris?osq=restaurant+japonais"},
{"name": "Nagoya", "url": "/biz/nagoya-paris-5?osq=restaurant+japonais"},
{"name": "Akitaya", "url": "/biz/akitaya-paris?osq=restaurant+japonais"},
{"name": "Mussub\u00ef", "url": "/biz/mussub%C3%AF-paris?osq=restaurant+japonais"},
{"name": "Ei Shin Sushi", "url": "/biz/ei-shin-sushi-paris?osq=restaurant+japonais"},
{"name": "Yuzu", "url": "/biz/yuzu-paris?osq=restaurant+japonais"},
{"name": "Juan", "url": "/biz/juan-paris?osq=restaurant+japonais"},
{"name": "Daikon", "url": "/biz/daikon-paris?osq=restaurant+japonais"},
{"name": "Ippudo Louvre", "url": "/biz/ippudo-louvre-paris?osq=restaurant+japonais"},
{"name": "Kisin", "url": "/biz/kisin-paris?osq=restaurant+japonais"},
{"name": "Sushi Okuda", "url": "/biz/sushi-okuda-paris?osq=restaurant+japonais"},
{"name": "Ito Izakaya", "url": "/biz/ito-izakaya-paris?osq=restaurant+japonais"},
{"name": "Blueberry", "url": "/biz/blueberry-paris?osq=restaurant+japonais"},
{"name": "Kinoko Sushi", "url": "/biz/kinoko-sushi-paris?osq=restaurant+japonais"},
{"name": "Taishoken", "url": "/biz/taishoken-paris-2?osq=restaurant+japonais"},
{"name": "Chez Hanafousa", "url": "/biz/chez-hanafousa-paris?osq=restaurant+japonais"},
{"name": "Vend\u00f4me Sushi", "url": "/biz/vend%C3%B4me-sushi-paris-3?osq=restaurant+japonais"},
{"name": "Naniwa-Ya", "url": "/biz/naniwa-ya-paris?osq=restaurant+japonais"},
{"name": "Tomi", "url": "/biz/tomi-paris-2?osq=restaurant+japonais"},
{"name": "Le Feu de Mars", "url": "/biz/le-feu-de-mars-paris?osq=restaurant+japonais"},
{"name": "Sakura", "url": "/biz/sakura-paris-31?osq=restaurant+japonais"},
{"name": "Midori Snacking", "url": "/biz/midori-snacking-paris?osq=restaurant+japonais"},
{"name": "Iki", "url": "/biz/iki-paris?osq=restaurant+japonais"},
{"name": "Fleurs de Cerisier", "url": "/biz/fleurs-de-cerisier-paris?osq=restaurant+japonais"},
{"name": "Ao Izakaya", "url": "/biz/ao-izakaya-paris?osq=restaurant+japonais"},
{"name": "Yamato", "url": "/biz/yamato-paris-7?osq=restaurant+japonais"},
{"name": "Yakiniku", "url": "/biz/yakiniku-rungis?osq=restaurant+japonais"},
{"name": "Tsukizi", "url": "/biz/tsukizi-paris?osq=restaurant+japonais"},
{"name": "Golden Sushi", "url": "/biz/golden-sushi-paris?osq=restaurant+japonais"},
{"name": "C\u00f4t\u00e9 Sushi", "url": "/biz/c%C3%B4t%C3%A9-sushi-paris-11?osq=restaurant+japonais"},
{"name": "Atsushi Tanaka", "url": "/biz/atsushi-tanaka-paris?osq=restaurant+japonais"},
{"name": "Ravioli Nord-Est", "url": "/biz/ravioli-nord-est-paris?osq=restaurant+japonais"},
{"name": "Koko Bistro Japonais", "url": "/biz/koko-bistro-japonais-paris?osq=restaurant+japonais"},
{"name": "Matsudo Yaki", "url": "/biz/matsudo-yaki-paris?osq=restaurant+japonais"},
{"name": "Shu", "url": "/biz/shu-paris?osq=restaurant+japonais"},
{"name": "Aomori", "url": "/biz/aomori-paris?osq=restaurant+japonais"},
{"name": "Tagawa", "url": "/biz/tagawa-paris?osq=restaurant+japonais"},
{"name": "Tonegawa", "url": "/biz/tonegawa-paris?osq=restaurant+japonais"},
{"name": "Japorama", "url": "/biz/japorama-paris-4?osq=restaurant+japonais"},
{"name": "Zen", "url": "/biz/zen-paris?osq=restaurant+japonais"},
{"name": "Matsuri", "url": "/biz/matsuri-neuilly-sur-seine-2?osq=restaurant+japonais"},
{"name": "Kyoto", "url": "/biz/kyoto-levallois-perret?osq=restaurant+japonais"},
{"name": "Soma", "url": "/biz/soma-paris-2?osq=restaurant+japonais"},
{"name": "Yoshida", "url": "/biz/yoshida-paris?osq=restaurant+japonais"},
{"name": "Sushi Orfila", "url": "/biz/sushi-orfila-paris-2?osq=restaurant+japonais"},
{"name": "Yasube", "url": "/biz/yasube-paris?osq=restaurant+japonais"},
{"name": "Sushi Itouya", "url": "/biz/sushi-itouya-paris-17?osq=restaurant+japonais"},
{"name": "Sushi Jidai", "url": "/biz/sushi-jidai-paris?osq=restaurant+japonais"},
{"name": "Sushi Bar", "url": "/biz/sushi-bar-paris-8?osq=restaurant+japonais"},
{"name": "Taeko", "url": "/biz/taeko-paris?osq=restaurant+japonais"},
{"name": "Tenzo by Hissa", "url": "/biz/tenzo-by-hissa-paris?osq=restaurant+japonais"},
{"name": "Yen", "url": "/biz/yen-paris?osq=restaurant+japonais"},
{"name": "Kunitoraya", "url": "/biz/kunitoraya-paris-4?osq=restaurant+japonais"},
{"name": "Miss K\u014d", "url": "/biz/miss-k%C5%8D-paris-2?osq=restaurant+japonais"},
{"name": "Matsusushi", "url": "/biz/matsusushi-paris?osq=restaurant+japonais"},
{"name": "Noda\u00efwa", "url": "/biz/noda%C3%AFwa-paris-2?osq=restaurant+japonais"},
{"name": "Nakagawa", "url": "/biz/nakagawa-paris-2?osq=restaurant+japonais"},
{"name": "Higuma", "url": "/biz/higuma-paris-5?osq=restaurant+japonais"},
{"name": "Izu", "url": "/biz/izu-paris?osq=restaurant+japonais"},
{"name": "Okinawa Sushi", "url": "/biz/okinawa-sushi-paris?osq=restaurant+japonais"},
{"name": "Ken Kawasaki", "url": "/biz/ken-kawasaki-paris?osq=restaurant+japonais"},
{"name": "Le Concert de Cuisine", "url": "/biz/le-concert-de-cuisine-paris?osq=restaurant+japonais"},
{"name": "Nakagawa", "url": "/biz/nakagawa-paris-5?osq=restaurant+japonais"},
{"name": "Oko Sushi", "url": "/biz/oko-sushi-paris-2?osq=restaurant+japonais"},
{"name": "Yen", "url": "/biz/yen-paris?osq=restaurant+japonais"},
{"name": "Cardinal France Yakitori et Sushicho", "url": "/biz/cardinal-france-yakitori-et-sushicho-paris?osq=restaurant+japonais"},
{"name": "Tonkatsu-Tombo", "url": "/biz/tonkatsu-tombo-paris?osq=restaurant+japonais"},
{"name": "Sushi Takasaki", "url": "/biz/sushi-takasaki-paris?osq=restaurant+japonais"},
{"name": "Buffet Sentier", "url": "/biz/buffet-sentier-paris-5?osq=restaurant+japonais"},
{"name": "Enishi", "url": "/biz/enishi-paris?osq=restaurant+japonais"},
{"name": "Guilo Guilo", "url": "/biz/guilo-guilo-paris?osq=restaurant+japonais"},
{"name": "Tenzo by Hissa", "url": "/biz/tenzo-by-hissa-paris?osq=restaurant+japonais"},
{"name": "Sushirama", "url": "/biz/sushirama-paris-2?osq=restaurant+japonais"},
{"name": "Mushimushi", "url": "/biz/mushimushi-paris?osq=restaurant+japonais"},
{"name": "Hotaru", "url": "/biz/hotaru-paris?osq=restaurant+japonais"},
{"name": "Azabu", "url": "/biz/azabu-paris?osq=restaurant+japonais"},
{"name": "Sushi D\u00e9lice", "url": "/biz/sushi-d%C3%A9lice-paris-2?osq=restaurant+japonais"},
{"name": "Isami", "url": "/biz/isami-paris?osq=restaurant+japonais"},
{"name": "Salon de Caf\u00e9 McQueen", "url": "/biz/salon-de-caf%C3%A9-mcqueen-paris-3?osq=restaurant+japonais"},
{"name": "Sushi Maki", "url": "/biz/sushi-maki-paris-2?osq=restaurant+japonais"},
{"name": "Sushi Gan", "url": "/biz/sushi-gan-paris?osq=restaurant+japonais"},
{"name": "Onki Sushi", "url": "/biz/onki-sushi-paris?osq=restaurant+japonais"},
{"name": "Itouya", "url": "/biz/itouya-paris?osq=restaurant+japonais"},
{"name": "Wakoya", "url": "/biz/wakoya-paris?osq=restaurant+japonais"},
{"name": "Kintaro", "url": "/biz/kintaro-paris-2?osq=restaurant+japonais"},
{"name": "Kinugawa", "url": "/biz/kinugawa-paris?osq=restaurant+japonais"},
{"name": "Michi", "url": "/biz/michi-paris?osq=restaurant+japonais"},
{"name": "Sushi Yakitori", "url": "/biz/sushi-yakitori-paris-3?osq=restaurant+japonais"},
{"name": "Yoyo", "url": "/biz/yoyo-paris?osq=restaurant+japonais"},
{"name": "Udon Jubey", "url": "/biz/udon-jubey-paris-2?osq=restaurant+japonais"},
{"name": "Kim", "url": "/biz/kim-paris-3?osq=restaurant+japonais"},
{"name": "Inagiku", "url": "/biz/inagiku-paris?osq=restaurant+japonais"},
{"name": "Wrap N Roll", "url": "/biz/wrap-n-roll-paris?osq=restaurant+japonais"},
{"name": "Sapporo", "url": "/biz/sapporo-paris?osq=restaurant+japonais"},
{"name": "sushi nagoya", "url": "/biz/sushi-nagoya-paris?osq=restaurant+japonais"},
{"name": "Tachibana", "url": "/biz/tachibana-paris?osq=restaurant+japonais"},
{"name": "Atsu Atsu", "url": "/biz/atsu-atsu-paris?osq=restaurant+japonais"},
{"name": "Matsudo", "url": "/biz/matsudo-paris?osq=restaurant+japonais"},
{"name": "Les D\u00e9lices de Buci", "url": "/biz/les-d%C3%A9lices-de-buci-paris?osq=restaurant+japonais"},
{"name": "Kokoya", "url": "/biz/kokoya-paris?osq=restaurant+japonais"},
{"name": "Hakata Choten", "url": "/biz/hakata-choten-paris?osq=restaurant+japonais"},
{"name": "A\u00ef Hsu", "url": "/biz/a%C3%AF-hsu-paris-2?osq=restaurant+japonais"},
{"name": "Chez Mimi", "url": "/biz/chez-mimi-paris-2?osq=restaurant+japonais"},
{"name": "Matsuri", "url": "/biz/matsuri-paris-13?osq=restaurant+japonais"},
{"name": "Forum Sushi", "url": "/biz/forum-sushi-paris-2?osq=restaurant+japonais"},
{"name": "Yokohama", "url": "/biz/yokohama-asnieres-sur-seine?osq=restaurant+japonais"},
{"name": "Echizen Soba Togo", "url": "/biz/echizen-soba-togo-paris?osq=restaurant+japonais"},
{"name": "Kiccho", "url": "/biz/kiccho-paris?osq=restaurant+japonais"},
{"name": "Rice and Fish", "url": "/biz/rice-and-fish-paris?osq=restaurant+japonais"},
{"name": "Bento&Go", "url": "/biz/bento-et-go-paris?osq=restaurant+japonais"},
{"name": "Sakuraya Yakitori", "url": "/biz/sakuraya-yakitori-paris?osq=restaurant+japonais"},
{"name": "Sushi Asia", "url": "/biz/sushi-asia-paris?osq=restaurant+japonais"},
{"name": "Allo Sushi", "url": "/biz/allo-sushi-paris?osq=restaurant+japonais"},
{"name": "Sushi Konnichiwa", "url": "/biz/sushi-konnichiwa-paris?osq=restaurant+japonais"},
{"name": "Kisoro", "url": "/biz/kisoro-paris?osq=restaurant+japonais"},
{"name": "Yokosuna", "url": "/biz/yokosuna-paris?osq=restaurant+japonais"},
{"name": "Yotaro", "url": "/biz/yotaro-paris-2?osq=restaurant+japonais"},
{"name": "Kintaro", "url": "/biz/kintaro-paris-4?osq=restaurant+japonais"},
{"name": "Kiyomizu", "url": "/biz/kiyomizu-paris?osq=restaurant+japonais"},
{"name": "Kyobashi", "url": "/biz/kyobashi-paris-2?osq=restaurant+japonais"},
{"name": "Kura", "url": "/biz/kura-paris-16?osq=restaurant+japonais"},
{"name": "Garden Sushi", "url": "/biz/garden-sushi-paris?osq=restaurant+japonais"},
{"name": "Sancho", "url": "/biz/sancho-paris?osq=restaurant+japonais"},
{"name": "Yooki", "url": "/biz/yooki-paris-08-2?osq=restaurant+japonais"},
{"name": "Yokhama", "url": "/biz/yokhama-paris?osq=restaurant+japonais"},
{"name": "Yoshi World", "url": "/biz/yoshi-world-paris?osq=restaurant+japonais"},
{"name": "Shin Juku", "url": "/biz/shin-juku-paris?osq=restaurant+japonais"},
{"name": "Miam", "url": "/biz/miam-paris-3?osq=restaurant+japonais"},
{"name": "Shikoku", "url": "/biz/shikoku-paris?osq=restaurant+japonais"},
{"name": "Kamogawa", "url": "/biz/kamogawa-paris-2?osq=restaurant+japonais"},
{"name": "Yaki Kobe", "url": "/biz/yaki-kobe-paris-2?osq=restaurant+japonais"},
{"name": "Kifun\u00e9", "url": "/biz/kifun%C3%A9-paris-2?osq=restaurant+japonais"},
{"name": "Yoki", "url": "/biz/yoki-paris-14?osq=restaurant+japonais"},
{"name": "Naoko", "url": "/biz/naoko-paris-2?osq=restaurant+japonais"},
{"name": "Fujiwara", "url": "/biz/fujiwara-paris?osq=restaurant+japonais"},
{"name": "Iyo", "url": "/biz/iyo-paris-2?osq=restaurant+japonais"},
{"name": "Sushi Cherie", "url": "/biz/sushi-cherie-paris?osq=restaurant+japonais"},
{"name": "Sushi Ren", "url": "/biz/sushi-ren-paris?osq=restaurant+japonais"},
{"name": "Ko\u00ef", "url": "/biz/ko%C3%AF-paris?osq=restaurant+japonais"},
{"name": "Sushi Royal", "url": "/biz/sushi-royal-paris?osq=restaurant+japonais"},
{"name": "Sakura", "url": "/biz/sakura-paris-23?osq=restaurant+japonais"},
{"name": "Sushi Gare de l\u2019Est", "url": "/biz/sushi-gare-de-l-est-paris-2?osq=restaurant+japonais"},
{"name": "Sushi In Sushi", "url": "/biz/sushi-in-sushi-paris?osq=restaurant+japonais"},
{"name": "Chikara", "url": "/biz/chikara-paris?osq=restaurant+japonais"},
{"name": "Hoki Sushi", "url": "/biz/hoki-sushi-paris-4?osq=restaurant+japonais"},
{"name": "Nipotori", "url": "/biz/nipotori-paris?osq=restaurant+japonais"},
{"name": "Et\u00e9 Edo", "url": "/biz/et%C3%A9-edo-paris?osq=restaurant+japonais"},
{"name": "Sushiya", "url": "/biz/sushiya-paris?osq=restaurant+japonais"},
{"name": "Shokado", "url": "/biz/shokado-paris?osq=restaurant+japonais"},
{"name": "Koko Hana", "url": "/biz/koko-hana-paris-08?osq=restaurant+japonais"},
{"name": "Ninja Sushi", "url": "/biz/ninja-sushi-paris-3?osq=restaurant+japonais"},
{"name": "Le Petit Keller", "url": "/biz/le-petit-keller-paris-2?osq=restaurant+japonais"},
{"name": "Tokyo Beaubourg", "url": "/biz/tokyo-beaubourg-paris?osq=restaurant+japonais"},
{"name": "Omusubi Gonbei", "url": "/biz/omusubi-gonbei-paris-2?osq=restaurant+japonais"},
{"name": "Cococo", "url": "/biz/cococo-paris?osq=restaurant+japonais"},
{"name": "Botan de la Vigne", "url": "/biz/botan-de-la-vigne-paris?osq=restaurant+japonais"},
{"name": "O\u2019Ginkgo", "url": "/biz/o-ginkgo-paris-2?osq=restaurant+japonais"},
{"name": "SAaM", "url": "/biz/saam-paris-2?osq=restaurant+japonais"},
{"name": "Gyoza Bar", "url": "/biz/gyoza-bar-paris?osq=restaurant+japonais"},
{"name": "Happa Te\u00ef", "url": "/biz/happa-te%C3%AF-paris-2?osq=restaurant+japonais"},
{"name": "Hoki\u2019s", "url": "/biz/hokis-paris?osq=restaurant+japonais"},
{"name": "Sushi Gobelins", "url": "/biz/sushi-gobelins-paris-2?osq=restaurant+japonais"},
{"name": "Sushirama", "url": "/biz/sushirama-paris-3?osq=restaurant+japonais"},
{"name": "Restaurant Asahi", "url": "/biz/restaurant-asahi-paris?osq=restaurant+japonais"},
{"name": "Sushi Soba", "url": "/biz/sushi-soba-paris?osq=restaurant+japonais"},
{"name": "Fun Sushi", "url": "/biz/fun-sushi-paris-3?osq=restaurant+japonais"},
{"name": "Omusubi Gonbei", "url": "/biz/omusubi-gonbei-paris-2?osq=restaurant+japonais"},
{"name": "Fujiwara Taira", "url": "/biz/fujiwara-taira-paris-2?osq=restaurant+japonais"},
{"name": "Sushisha", "url": "/biz/sushisha-paris?osq=restaurant+japonais"},
{"name": "Sam Sushi", "url": "/biz/sam-sushi-paris-3?osq=restaurant+japonais"},
{"name": "Yamadaya", "url": "/biz/yamadaya-paris?osq=restaurant+japonais"},
{"name": "Gyoza Bar", "url": "/biz/gyoza-bar-paris?osq=restaurant+japonais"}
]