[
{"name": "La Bastide des Bains", "url": "/biz/la-bastide-des-bains-marseille?osq=spa"},
{"name": "Ze\u00efn Oriental Spa", "url": "/biz/ze%C3%AFn-oriental-spa-marseille-2?osq=spa"},
{"name": "Bodhi Spa", "url": "/biz/bodhi-spa-marseille?osq=spa"},
{"name": "Promicea Thermes Marins", "url": "/biz/promicea-thermes-marins-marseille?osq=spa"},
{"name": "Les Bains de Sherazade", "url": "/biz/les-bains-de-sherazade-marseille?osq=spa"},
{"name": "Sofitel Spa", "url": "/biz/sofitel-spa-marseille?osq=spa"},
{"name": "C2 Hotel", "url": "/biz/c2-hotel-marseille?osq=spa"},
{"name": "Spa Cinq Mondes Marseille", "url": "/biz/spa-cinq-mondes-marseille-marseille-3?osq=spa"},
{"name": "Spa la Bonne Adresse", "url": "/biz/spa-la-bonne-adresse-marseille?osq=spa"},
{"name": "Moment Fish Spa", "url": "/biz/moment-fish-spa-marseille-4?osq=spa"},
{"name": "Les Bains du Harem", "url": "/biz/les-bains-du-harem-marseille?osq=spa"},
{"name": "IP-Marseille", "url": "/biz/ip-marseille-marseille?osq=spa"},
{"name": "Sept Harmony Spa", "url": "/biz/sept-harmony-spa-marseille?osq=spa"},
{"name": "Harmonie des 5 sens", "url": "/biz/harmonie-des-5-sens-marseille?osq=spa"},
{"name": "Spa Negresko", "url": "/biz/spa-negresko-marseille-2?osq=spa"},
{"name": "Hammam Rafik", "url": "/biz/hammam-rafik-marseille?osq=spa"},
{"name": "Les Sources d\u2019Eden", "url": "/biz/les-sources-d-eden-marseille-12?osq=spa"},
{"name": "Aquamarine", "url": "/biz/aquamarine-marseille-2?osq=spa"},
{"name": "Les Bains des Suds", "url": "/biz/les-bains-des-suds-marseille?osq=spa"},
{"name": "C Esth\u00e9tique", "url": "/biz/c-esth%C3%A9tique-marseille-2?osq=spa"},
{"name": "SPA Sept Harmonies", "url": "/biz/spa-sept-harmonies-marseille?osq=spa"},
{"name": "Villa Zola", "url": "/biz/villa-zola-marseille?osq=spa"},
{"name": "Cosmoligne Day-Spa", "url": "/biz/cosmoligne-day-spa-marseille?osq=spa"},
{"name": "InterContinental Marseille - Hotel Dieu", "url": "/biz/intercontinental-marseille-hotel-dieu-marseille-2?osq=spa"},
{"name": "Senteurs Spa", "url": "/biz/senteurs-spa-plan-de-cuques?osq=spa"},
{"name": "Sofitel", "url": "/biz/sofitel-marseille-2?osq=spa"},
{"name": "Caf\u00e9 des Ongles", "url": "/biz/caf%C3%A9-des-ongles-marseille?osq=spa"},
{"name": "Institut Spa V\u00e9ronique Mambrini", "url": "/biz/institut-spa-v%C3%A9ronique-mambrini-marseille?osq=spa"},
{"name": "O Lounge Fish Spa", "url": "/biz/o-lounge-fish-spa-marseille?osq=spa"},
{"name": "Argan & Beaut\u00e9", "url": "/biz/argan-et-beaut%C3%A9-marseille?osq=spa"},
{"name": "Spa by Clarins", "url": "/biz/spa-by-clarins-marseille?osq=spa"},
{"name": "Centre Salvia", "url": "/biz/centre-salvia-marseille?osq=spa"},
{"name": "Novotel Marseille Vieux Port", "url": "/biz/novotel-marseille-vieux-port-marseille?osq=spa"},
{"name": "Gym Grand Pavois Star Fitness", "url": "/biz/gym-grand-pavois-star-fitness-marseille-2?osq=spa"},
{"name": "Fondation Assistance aux Animaux", "url": "/biz/fondation-assistance-aux-animaux-marseille?osq=spa"},
{"name": "Philippe Prin-Derre", "url": "/biz/philippe-prin-derre-marseille?osq=spa"},
{"name": "Les \u00eeles dea", "url": "/biz/les-%C3%AEles-dea-plan-de-cuques?osq=spa"},
{"name": "By Mam\u00e9", "url": "/biz/by-mam%C3%A9-marseille-2?osq=spa"},
{"name": "Azur Forme & Beaut\u00e9", "url": "/biz/azur-forme-et-beaut%C3%A9-marseille?osq=spa"},
{"name": "CycloPub", "url": "/biz/cyclopub-aix-en-provence-2?osq=spa"},
{"name": "Institut de Beaut\u00e9 Val Mage", "url": "/biz/institut-de-beaut%C3%A9-val-mage-plan-de-cuques?osq=spa"},
{"name": "L\u2019Escale Romantique", "url": "/biz/l-escale-romantique-marseille?osq=spa"}
]