[
{"name": "La Bastide des Bains", "url": "https://www.yelp.fr//biz/la-bastide-des-bains-marseille?osq=spa", "stars": "4 \u00e9toiles", "n_votes": "33 avis", "address": "19 rue Sainte 13001 Marseille", "phone": "04 91 33 39 13", "amenities": ["Spas", "\u00c9pilation", "Sauna & Hammam "], "reviews": ["On m'a offert un gommage \u00e0 la bastide des bains, je ne connaissais pas et maintenant je suis FAN!!", "J'y suis all\u00e9e un samedi. Je ne sais pas si c'est comme \u00e7a tous les jours, mais jusqu'\u00e0 15h le hammam est r\u00e9serv\u00e9 aux femmes. Et franchement c'est vraiment pratique car je me serais mal vu me balader seins nus devant des hommes!!!", "La salle du hammam est vraiment grande, tout en pierre, \u00e9clair\u00e9e \u00e0 la seule lumi\u00e8re de quelques bougies. Vraiment tr\u00e8s zen.", "On se rafra\u00eechi avec de l'eau citronn\u00e9e, on se d\u00e9tend dans un joli salon sur des canap\u00e9s ou des matelas en buvant du vrai th\u00e9 \u00e0 la menthe accompagn\u00e9 d'un petit g\u00e2teau.", "Le gommage se fait dans la grande salle du hammam, sur des tables en pierre, donc devant tout le monde.", "Les masseuses chantent des chants typiques en vous faisant un gommage ULTRA tonique!! La force du gommage avec le gant de crin m'a \u00e9tonn\u00e9e, surtout sur le visage, j'ai cru que j'allais ressortir de l\u00e0 sans ma peau mais la r\u00e9sultat \u00e9tait au top! Ma peau est parfaitement douce. Les gants de crin sont \u00e0 usage unique et on vous le donnera \u00e0 la fin de votre gommage.", "Ce que j'ai appr\u00e9ci\u00e9 \u00e9galement c'est que je n'ai pas eu besoin de me trimballer beaucoup de choses... le maillot de bain suffit. L'\u00e9tablissement vous fournit des tongs, un peignoir et une fouta (un drap de hammam). Il y a aussi dans les vestiaires des s\u00e8ches cheveux, du d\u00e9maquillant, du shampoing.", "J'ai vraiment pass\u00e9 un super moment dans ce hammam, je le recommande!"]},
{"name": "Ze\u00efn Oriental Spa", "url": "https://www.yelp.fr//biz/ze%C3%AFn-oriental-spa-marseille-2?osq=spa", "stars": "4.5 \u00e9toiles", "n_votes": "15 avis", "address": "16 Quai Rive Neuve 13007 Marseille", "phone": "04 91 59 11 11", "amenities": ["Spas"], "reviews": ["Cadre zenifiant sans jeu de mot ... ", "Nous sortons avec ma compagne \u00a0\u00e0 l'instant de 30 minutes de massage \" De la t\u00eate au pied \" pr\u00e9c\u00e9d\u00e9 d'un th\u00e9 dans la salle de d\u00e9tente , ce f\u00fbt litt\u00e9ralement Magique .", "Un vrai moment de d\u00e9tente , une parenth\u00e8se inattendue ..", "H\u00e2te de retourner tester leurs autres propositions . J'ach\u00e8te !"]},
{"name": "Bodhi Spa", "url": "https://www.yelp.fr//biz/bodhi-spa-marseille?osq=spa", "stars": "4 \u00e9toiles", "n_votes": "1 avis", "address": "5 bd Dugommier 13001 Marseille", "phone": "04 86 68 85 07", "amenities": ["Spas", "Massages"], "reviews": []},
{"name": "Promicea Thermes Marins", "url": "https://www.yelp.fr//biz/promicea-thermes-marins-marseille?osq=spa", "stars": "4 \u00e9toiles", "n_votes": "8 avis", "address": "281 Corniche Pr\u00e9sident John Fitzgerald Kennedy 13007 Marseille", "phone": "04 91 52 61 61", "amenities": ["Spas", "Produits de beaut\u00e9 & cosm\u00e9tiques"], "reviews": ["Topissime... L'endroit de r\u00eave pour toutes les femmes....", "J'y ai accompagn\u00e9 ma m\u00e8re, \u00e0 qui on a offert une semaine de thalasso. J'ai fait qu'une journ\u00e9e avec elle.", "D\u00e9j\u00e0 le cadre est magnifique, sur la corniche, face \u00e0 la mer, on rentre dans un parc immense avec des palmiers, plein de verdure et un chateau assez somptueux...\u00e0 deux pas de la clinique esth\u00e9tique hum hum !", "Le centre de bien-\u00eatre n'est pas tr\u00e8s grand, je m'imaginais \u00e0 un truc \u00e9norme en r\u00e9alit\u00e9...", "Il y a pas mal de personnels, toutes tr\u00e8s gentilles. D\u00e8s l'entr\u00e9e, on se sent apais\u00e9e. On nous sert une infusion, nous accompagne aux vestiaires pour se changer....", "On a commenc\u00e9 par le parcours marin de 45min, une piscine \u00e0 l'eau de mer (donc tr\u00e8s sal\u00e9e, effet mer morte pour ceux qui connaissent) \u00e9quip\u00e9e de plusieurs \"attractions\", massages chevilles, cuisses, ventre, dos, nuque, pied, lit massage, jacuzzi, bicyclette, ...", "Ensuite, j'ai enchain\u00e9 par la douche \u00e0 jet de 15min.", "C'est bien car les soins sont assez rapides, ca ne prend pas trop de temps et surtout ca donne envie d'y retourner...", "Le seul hic c'est le prix, enfin \u00e0 mon age, je ne peux pas me payer \u00e7a toutes les semaines mais de tps en tps, ca peut \u00eatre bien car finalement ca reste abordable. Il y a pleins de soins, de forfaits \u00e0 l'ann\u00e9e, de formule... on a envie de tout tenter !"]},
{"name": "Les Bains de Sherazade", "url": "https://www.yelp.fr//biz/les-bains-de-sherazade-marseille?osq=spa", "stars": "4 \u00e9toiles", "n_votes": "1 avis", "address": "23 Rue Doct Jean Fiolle 13006 Marseille", "phone": "04 91 42 14 43", "amenities": ["Sauna & Hammam ", "Massages", "Manucure & Pedicure"], "reviews": ["\"Les Bains de Sherazade\" ont ouvert il y a tr\u00e8s peu dans le quartier et heureusement, car en d\u00e9pit des \"ongleries\" qui poussent \u00e0 vue d'oeil, nous n'avions rien de la sorte par ici.", "L'espace se trouve dans une petite cour int\u00e9rieure, o\u00f9 l'on p\u00e9n\u00e8tre doucement.", "Si le hamam appartient \u00e0 la culture orientale, c'est peu dire que pour beaucoup d'europ\u00e9ens, femmes et hommes, nous avons \u00e9t\u00e9 conquis avec le temps.", "Ici, c'est plus que cela! C'est un salon de relaxation, de d\u00e9tente et de beaut\u00e9 complet...", "Hamam donc, mais aussi sauna, massages, enveloppements, \u00e9pilations diverses pour les femmes, mais aussi les hommes, manicure et p\u00e9dicure, salon de coiffure,...", "Bref, tout un espace, un fort bel espace, consacr\u00e9 \u00e0 notre bien-\u00eatre dans sa globalit\u00e9.", "Les soins sont dans la moyenne des prix pratiqu\u00e9s, sans doute un peu moins chers d'ailleurs.", "L'entr\u00e9e pour le hamam et salon de th\u00e9 est \u00e0 25 euros et illimit\u00e9!", "Tout est fourni. Peignoir, serviettes, tongues, futa,.... Des casiers sont \u00e0 notre disposition. ", "Les \"Rituels\", soit des soins complets, sont entre 40 et 85 euros.", "Sous peu, je pense que je tenterai \"Le Rituel Secret des Nomades t\", histoire de me relaxer un peu....I need it!", "La D\u00e9esse des Lieux se nomme Karima et est absolument adorable, assist\u00e9 de pleins de jeunes filles charmantes."]},
{"name": "Sofitel Spa", "url": "https://www.yelp.fr//biz/sofitel-spa-marseille?osq=spa", "stars": "4 \u00e9toiles", "n_votes": "4 avis", "address": "36 boulevard Charles Livon 13007 Marseille", "phone": "04 91 15 59 39", "amenities": ["Spas"], "reviews": ["Apr\u00e8s avoir longuement chercher un spa o\u00f9 faire un sauna et/ou un hammam \u00e0 Marseille j'ai d\u00e9couvert le So spa du Sofitel et son offre pour l'espace So wet (hammam, sauna et jaccuzi)! Nous en avons eu pour 30 euros par personne pour 2 heures d'acc\u00e8s ce qui me para\u00eet tout \u00e0 fait honn\u00eate par rapport aux prix pratiqu\u00e9s ailleurs et \u00e0 la qualit\u00e9 de l'endroit. ", "Les jeunes femmes qui nous ont accueillies, et que j'avais eu auparavant au t\u00e9l\u00e9phone, ont \u00e9t\u00e9 \u00e0 notre \u00e9coute et tr\u00e8s gentilles.", "L'endroit est joli, propre et le nombre de personnes est limit\u00e9 ce qui permet de ne pas \u00eatre les uns sur les autres! ", "Avec mon mari nous avons trouv\u00e9 l'eau du jaccuzi un peu fra\u00eeche (elle \u00e9tait ti\u00e8de, on aurait aim\u00e9 quelques degr\u00e9s de plus). Le sauna parfait. Pour le hammam c'\u00e9tait la premi\u00e8re fois que je testais et j'ai trouv\u00e9 cela tr\u00e8s bien mais juste dommage que la vapeur chaude soit concentr\u00e9e vers le haut de la pi\u00e8ce. Lorsque nous \u00e9tions assis nous ne sentions pas trop cette vapeur. Je ne sais pas si cela est normal ou non...", "Enfin, nous avons grandement appr\u00e9ci\u00e9 le th\u00e9 bien chaud et l'eau \u00e0 disposition dans une pi\u00e8ce \u00e0 c\u00f4t\u00e9.", "Les vestiaires ainsi que les douches et toilettes \u00e9taient tr\u00e8s propres. Le pr\u00eat de peignoirs, serviettes et tongs est \u00e9galement appr\u00e9ciable ainsi que les casiers fermant avec un code digital.", "Nous avons d\u00e9j\u00e0 pr\u00e9vu d'y retourner...!"]},
{"name": "C2 Hotel", "url": "https://www.yelp.fr//biz/c2-hotel-marseille?osq=spa", "stars": "5 \u00e9toiles", "n_votes": "2 avis", "address": "48 rue Roux de Brignoles 13006 Marseille", "phone": "04 95 05 13 13", "amenities": ["H\u00f4tels"], "reviews": []},
{"name": "Spa Cinq Mondes Marseille", "url": "https://www.yelp.fr//biz/spa-cinq-mondes-marseille-marseille-3?osq=spa", "stars": "4 \u00e9toiles", "n_votes": "7 avis", "address": "45 quai de Rive Neuve 13007 Marseille", "phone": "04 91 04 04 04", "amenities": ["Spas", "Produits de beaut\u00e9 & cosm\u00e9tiques", "Massages"], "reviews": ["Pour avoir test\u00e9 un autre spa de la chaine \u00e0 Paris, je m'\u00e9tais dit, plus jamais... et puis voil\u00e0 que je re\u00e7ois un soin d'1h30 en cadeau, j'y vais donc, un peu sur la d\u00e9fensive, et pourtant c'\u00e9tait le jour et la nuit.", "Les soins sont les m\u00eames d'un 5 mondes \u00e0 l'autre, mais l'accueil et l'ambiance n'ont rien \u00e0 voir. A Marseille, on n'essaie pas sans arr\u00eat de vous \"refourguer\" les produits maison, vous pouvez juste profiter de votre massage, vous d\u00e9tendre et penser \u00e0 autre chose. On ne vous regarde pas de haut non plus et \u00e7a \u00e7a change tout.", "En cette p\u00e9riode de pr\u00e9-f\u00eates, sugg\u00e9rez qu'on vous offre un soin pour No\u00ebl, vous ne serez pas d\u00e9\u00e7us"]},
{"name": "Spa la Bonne Adresse", "url": "https://www.yelp.fr//biz/spa-la-bonne-adresse-marseille?osq=spa", "stars": null, "n_votes": null, "address": "242 boulevard Romain Rolland 13009 Marseille", "phone": "04 91 32 98 56", "amenities": ["Spas", "Sauna & Hammam "], "reviews": []},
{"name": "Moment Fish Spa", "url": "https://www.yelp.fr//biz/moment-fish-spa-marseille-4?osq=spa", "stars": "5 \u00e9toiles", "n_votes": "2 avis", "address": "16 rue Petit Puits 13002 Marseille", "phone": "04 91 45 25 96", "amenities": [], "reviews": []},
{"name": "Les Bains du Harem", "url": "https://www.yelp.fr//biz/les-bains-du-harem-marseille?osq=spa", "stars": "3 \u00e9toiles", "n_votes": "43 avis", "address": "6 rue Jeune Anacharsis 13001 Marseille", "phone": "04 91 33 05 34", "amenities": ["Massages", "Spas"], "reviews": ["J'ai test\u00e9 les Bains du Harem, dans le cadre d'un bon groupon connaissant la r\u00e9putation du lieu je n'ai pas h\u00e9sit\u00e9 \u00e0 prendre un bon.", "J'y suis all\u00e9e avec une amie, on avait rendez vous pour 2 massages. ", "Le petit hic c'est quand c'est un masseur et non une masseuse qui s'est point\u00e9.", "Ca au t\u00e9l\u00e9phone quand on a pris rdv ils nous l'ont pas dit, dans la mesure o\u00f9 le massage c'est devant et derri\u00e8re je trouve \u00e7a un peu g\u00eanant pour une femme, du coup c'est mon amie qui l'a eu moi je ne pouvais pas je suis trop pudique.", "La dame m'a demand\u00e9 de choisir mon huile, il y a avait plusieurs parfums disponible j'ai pris odeur coco, histoire de me rappeler les \u00eeles !", "Le massage \u00e9tait vraiment bien, la salle fait bien cocon, lumi\u00e8re douce, tout pour se d\u00e9tendre."]},
{"name": "IP-Marseille", "url": "https://www.yelp.fr//biz/ip-marseille-marseille?osq=spa", "stars": null, "n_votes": null, "address": "138 rue Paradis 1er \u00e9tage 13006 Marseille", "phone": "04 91 53 23 02", "amenities": ["Massages", "Soins de la peau", "Spas"], "reviews": []},
{"name": "Sept Harmony Spa", "url": "https://www.yelp.fr//biz/sept-harmony-spa-marseille?osq=spa", "stars": "4 \u00e9toiles", "n_votes": "9 avis", "address": null, "phone": "04 91 58 40 53", "amenities": ["Salons de beaut\u00e9 & Spas"], "reviews": ["Un super spa qui vous propose toutes sortes de soins.", "Quand vous entrez \u00e0 l'interieur, vous d\u00e9couvrez un espace que vous ne soupconniez pas!", "C'est grand et agr\u00e9able. Le personnel est tr\u00e8s accueillant, tr\u00e8s professionnel et vous traitera comme une pricesse.", " J'ai aussi aim\u00e9 les cosm\u00e9tiques totalement bio, et tr\u00e8s beaux dans leur emballages totalement biod\u00e9gradables.", " Les prix sont \u00e9lev\u00e9s pour un budget \u00e9tudiant mais la qualit\u00e9 et le professionalisme sont au rendez-vous"]},
{"name": "Harmonie des 5 sens", "url": "https://www.yelp.fr//biz/harmonie-des-5-sens-marseille?osq=spa", "stars": "4 \u00e9toiles", "n_votes": "1 avis", "address": "2 rue Louis Astruc 13005 Marseille", "phone": "04 91 92 91 33", "amenities": ["\u00c9pilation \u00e0 la cire", "Spas", "Maquilleuse & maquilleur"], "reviews": ["Envie d'un soin du visage, d'un gommage ou tout simplement de vous chouchouter ? Rendez-vous \u00e0 l'institut Harmonie des 5 Sens, situ\u00e9 \u00e0 deux pas du boulevard Chave. ", "Ce petit institut vous propose divers soins, pour tous les budgets. Evidemment, comme pour tout soin en Institut, il faut compter environ 50\u20ac pour prendre le temps de se relaxer mais cela en vaut la peine.", "L'accueil est chaleureux, l'ambiance apaisante et l'on se sent tout de suite en confiance. Pour ma part, j'ai test\u00e9 il y a quelques mois de cela la formule 'Saveur gourmande d'Afrique\" qui est en fait un soin combinant un gommage corporel, un enveloppement au chocolat (\u00e0 tomber) et une s\u00e9ance de hamman/sauna dans un \u00e9trange cocon \u00e9lectronique. ", "La propri\u00e9taire des lieux est \u00e9galement fan de luminoth\u00e9rapie et n'h\u00e9sites pas \u00e0 jouer avec les couleurs pour cr\u00e9er le plus possible une ambiance reposante et relaxante.", "Si vous voulez vous \u00e9vader, vous chouchoutez ou vous faire offrir un soin par votre amoureux, rendez-vous chez L'Harmonie des 5 Sens !"]},
{"name": "Spa Negresko", "url": "https://www.yelp.fr//biz/spa-negresko-marseille-2?osq=spa", "stars": "2.5 \u00e9toiles", "n_votes": "4 avis", "address": "8 rue N\u00e9gresko 13008 Marseille", "phone": "09 50 75 32 59", "amenities": ["Spas", "Centre de bronzage", "Produits de beaut\u00e9 & cosm\u00e9tiques"], "reviews": ["Rien \u00e0 redire au niveau de la propret\u00e9 et de l'accueil. De plus la gamme de produits Decleor garantit des soins qui respectent la peau.", "Cependant ce n'est pas le lieu id\u00e9al pour un hammam. Ici pas de savons noir. Pas de hammam traditionnel mais une cabine type spa. Pour le gommage il faut ajouter 10 euros \u00e0 la prestation simple. Dommage.", "Il s'agit donc plus d'un centre esth\u00e9tique que d'un lieu de \u00a0repos. ", "La salle de repos est malheureusement trop proche des salles de soin et du hammam. Il est donc difficile de se d\u00e9tendre r\u00e9ellement.", "Pas de douches personnelles. Juste une douche collective dans le hammam. Donc pas de possibilit\u00e9 de se laver apr\u00e8s si on le souhaite.", "En revanche le r\u00e9glage de la douche sur temp\u00e9rature tr\u00e8s froide permet de recr\u00e9er plus ou moins les effets b\u00e9n\u00e9fiques du hammam traditionnel.", "Ainsi si vous cherchez un hammam (ce qui \u00e9tait notre cas quand nous y sommes all\u00e9s) ce n'est pas ici qu'il faut aller. ", "En revanche ce lieu semble id\u00e9al pour tout ce qui concerne les soins.", "Je pense que nous y retournerons pour tester les soins du visage et l'enveloppement."]},
{"name": "Hammam Rafik", "url": "https://www.yelp.fr//biz/hammam-rafik-marseille?osq=spa", "stars": "4 \u00e9toiles", "n_votes": "12 avis", "address": null, "phone": "1A rue de l'Acad\u00e9mie 13001 Marseille", "amenities": ["Spas"], "reviews": ["L'occasion fait le larron et je suis retourn\u00e9e apr\u00e8s presque 4 ans apr\u00e8s mon dernier commentaire sur ce Hammam et je dois dire que j'ai \u00e9t\u00e9 agr\u00e9ablement surprise!. ", "Le coin \u00e9pilation est prot\u00e9g\u00e9 \u00e0 l'abri des regards. ", "Un th\u00e9 \u00e0 la menthe est gentiment propos\u00e9 \u00e0 la fin. ", "Il manque tout de m\u00eame un casier ou mettre ses affaires. ", "Sinon propret\u00e9 nickel. ", "Accueil nickel ", "Pour 30\u20ac Hammam et gommage savon noir Nickel. ", "Je vous recommande cet \u00e9tablissement et j'y retournerai car la carte \u00e9pilation et massage me tente bien."]},
{"name": "Les Sources d'Eden", "url": "https://www.yelp.fr//biz/les-sources-d-eden-marseille-12?osq=spa", "stars": "4 \u00e9toiles", "n_votes": "7 avis", "address": "61 ave de Saint Julien 13012 Marseille 12", "phone": "04 91 16 05 89", "amenities": [], "reviews": ["Magnifique splendide ", "Du bonheur tout simplement.", "Arriv\u00e9e en couple avec notre fille, ils ont gracieusement offert \u00e0 notre fille le Hamas et gommage, tres professionnel est souriante en m\u00eame temps", "Je recommande vivement"]},
{"name": "Aquamarine", "url": "https://www.yelp.fr//biz/aquamarine-marseille-2?osq=spa", "stars": "4.5 \u00e9toiles", "n_votes": "3 avis", "address": "28 Boulevard Cabot 13009 Marseille", "phone": "04 91 41 00 00", "amenities": ["Spas"], "reviews": ["En s'arr\u00eatant sur cette petite place (la place de la Poste du Cabot), on ne se doute absolument pas qu'il puisse y avoir un centre comme celui l\u00e0, bien cach\u00e9...", "Rien de mieux que de faire du sport sans avoir chaud! A Aquamarine, on se d\u00e9pense dans l'eau. Parfait pour ne pas avoir d'horribles courbatures...", "Les cours d'aquagym sont vraiment super, j'ai d\u00e9j\u00e0 test\u00e9 plusieurs salles mais ici, les cours sont au top. Ce que j'appr\u00e9cie, c'est qu'on ne saute pas dans tous les sens en se prenant trois tonnes d'eau dans la t\u00eate. Les exercices sont tr\u00e8s cibl\u00e9s et apr\u00e8s un cours (45 minutes), on sent qu'on a bien travaill\u00e9! ", "Les profs sont tr\u00e8s sympas, la piscine est assez grande et la planche horaire est tellement large qu'on est jamais tr\u00e8s nombreux (ou plut\u00f4t nombreuses, je n'ai jamais vu d'homme!).", "Il y a \u00e9galement une autre piscine, beaucoup plus petite, o\u00f9 se trouvent des machines d'aquatraining : 4 v\u00e9los, 3 ou 4 tapis roulants et 4 v\u00e9los elliptiques. Ici, on travaille seul, pas de prof. La s\u00e9ance dure 30 minutes.", "La pi\u00e8ce est plong\u00e9e dans l'obscurit\u00e9, avec une musique genre buddha-bar et sur la totalit\u00e9 du mur face aux machines sont projet\u00e9s de magnifiques documentaires d'Ushua\u00efa nature sous-titr\u00e9s (il n'y a pas le son puisqu'il y a de la musique). C'est hyper zen! Et du coup, on ne pense plus (ou moins) \u00e0 la douleur...", "Le lieu est vraiment tr\u00e8s propre, l'ambiance zen. Il faut apporter une serviette, des tongs, un cadenas pour les vestiaires et bien sur un maillot de bain, \u00e7a peut \u00eatre utile ;-)", "C'est ouvert du lundi au vendredi de 09h \u00e0 20H et le samedi de 9h \u00e0 16h.", "Bon, par contre, c'est vrai que ce n'est pas donn\u00e9 :", "- un cours d'aquagym ou d'aquatraining co\u00fbte 16 euros", "- la carte de 12 s\u00e9ances est \u00e0 160 euros (vous pouvez faire des s\u00e9ances d'aquagym ou d'aquatraining selon votre humeur du jour)", "Il est possible de cumuler une s\u00e9ance d'aquagym et une s\u00e9ance d'aquatraining mais pas deux s\u00e9ances d'aquagym ou deux s\u00e9ances d'aquatraining.", "- la carte illimit\u00e9e pendant un trimestre d'aquagym ou d'aquatraining \u00e0 320 euros", "- la carte illimit\u00e9e pendant un trimestre d'aquagym et d'aquatraining \u00e0 390 euros", "Aquamarine propose \u00e9galement un grand nombre de soins et massages polyn\u00e9siens, et dispose d'un hammam et d'un jacuzzi. Il y a un espace \u00e0 l'int\u00e9rieur mais \u00e9galement un espace \u00e0 l'ext\u00e9rieur dans un jardin tahitien. Pendant les beaux jours, vous pouvez \u00eatre chouchout\u00e9s dans des petites cases tahitiennes. Je n'ai malheureusement pas encore test\u00e9, mais j'ai offert \u00e0 ma m\u00e8re pour son anniversaire un massage et gommage de deux heures. Elle testera pour moi!"]},
{"name": "Les Bains des Suds", "url": "https://www.yelp.fr//biz/les-bains-des-suds-marseille?osq=spa", "stars": "3.5 \u00e9toiles", "n_votes": "13 avis", "address": "110 rue Marengo 13006 Marseille", "phone": "04 91 48 62 67", "amenities": [], "reviews": ["Test\u00e9 ce samedi avec les copines, nous avons choisi ce hammam pour sa proximit\u00e9 avec Castellane mais aussi pour ces prix, je l'avoue. ", "Petite entr\u00e9e pas clinquante du tout, mais une fois a l'int\u00e9rieur on est transport\u00e9 dans un d\u00e9cor oriental tr\u00e8s cosy tr\u00e8s agr\u00e9able. ", "L'accueil est tr\u00e8s sympathique. On se d\u00e9chausse au l'entr\u00e9e, on nous pr\u00eate des tongs, et c'est parti vers le vestiaire. ", "PAr contre, il faut mener sa propre serviette, pas de peignoir fourni. ", "Une fois chang\u00e9es, on entre dans la premi\u00e8re salle. On y trouve des robinets au dessus de vasque en marbre, des petits tabourets, l'ambiance n'est pas trop chaude. C'est ici qu'on se mouille et se passe le savon noir, puis on passe dans la 2nde pi\u00e8ce, + chaude, + humide, o\u00f9 on peut se poser, s'allonger, et profiter des bien fait de la chaleur ... ", "Au bout d'une bonne demi heure (je pense), la dame viens nous chercher pour nous gommer. On repasse dans la 1ere pi\u00e8ce, on s'allonge, et l\u00e0 \u00e7a frotte, \u00e7a frotte (et il y en avait bien besoin !!!) ", "La dame est tr\u00e8s gentille, tr\u00e8s douce. ", "Puis on peut encore profiter du hammam un moment, avant de sortir, se rhabiller et boire un bon th\u00e9 a la menthe assises dans des fauteuils moelleux \u00e0 souhait ! ", "Et cela pour 28e (hammam + gommage). ", "Il faut compter 1H30 \u00e0 2H pour bien profiter de tout cela !", "Je n'ai pas test\u00e9 les massages ni l'\u00e9pilation traditionnelle orientale, mais j'y retournerai bient\u00f4t pour essayer cela. ", "Petit + du lieu, les r\u00e9servations sont faites parfaitement, nous avons crois\u00e9 un groupe \u00e0 l'arriv\u00e9e et un au d\u00e9part, mais nous n'\u00e9tions que nous dans le hammam, chose que j'ai grandement appr\u00e9ci\u00e9 ! Et bien s\u00fbr, les hommes ont des horaires sp\u00e9ciaux, donc pas de risque de tomber sur un monsieur en entrant ! ", "Bref je recommande vivement, ", "Rapport qualit\u00e9 prix id\u00e9al !"]},
{"name": "C Esth\u00e9tique", "url": "https://www.yelp.fr//biz/c-esth%C3%A9tique-marseille-2?osq=spa", "stars": "4 \u00e9toiles", "n_votes": "5 avis", "address": null, "phone": "76 bd Eug\u00e8ne Pierre 13005 Marseille", "amenities": ["Maquilleuse & maquilleur", "Spas"], "reviews": ["Voil\u00e0 un commerce comme je les aime ! Habitante du quartier, Christine est juste \u00e0 ma porte mais je pourrais faire des kilom\u00e8tres et braver tous les embouteillages de Marseille si je venais \u00e0 d\u00e9m\u00e9nager loin de ce salon dont je suis cliente de la premi\u00e8re heure. C'est dire si je l'aime Christine !!! Oui c'est vrai, le salon n'est pas au top du design et de la d\u00e9co mais ce n'est pas le genre de la maison. Ici c'est d'une propret\u00e9 irr\u00e9prochable, les soins sont prodigu\u00e9s avec le plus grand professionnalisme et .... avec amour, oui j'ose le dire. Christine est une artisane au sens noble du terme, le travail est bien fait, le geste pr\u00e9cis. Bavarder avec elle est toujours un pur bonheur ce qui ne g\u00e2che rien. Je ne connais personne capable de faire d'aussi jolis sourcils, j'adore ses produits bio (mention sp\u00e9ciale pour la marque allemande Anne-Marie Borlind introuvable ailleurs). J'appr\u00e9cie aussi les petits gestes comme la carte de fid\u00e9lit\u00e9 super interressante (alors que les prix ne sont pas les plus hauts du march\u00e9 loin s'en faut), les bons conseils, le petit coup de blush en partant... Allez y les yeux ferm\u00e9s."]},
{"name": "SPA Sept Harmonies", "url": "https://www.yelp.fr//biz/spa-sept-harmonies-marseille?osq=spa", "stars": null, "n_votes": null, "address": null, "phone": null, "amenities": [], "reviews": []},
{"name": "Villa Zola", "url": "https://www.yelp.fr//biz/villa-zola-marseille?osq=spa", "stars": "4.5 \u00e9toiles", "n_votes": "2 avis", "address": "107 rue Emile Zola 13009 Marseille", "phone": "09 83 09 38 66", "amenities": ["Massages", "Manucure & Pedicure", "\u00c9pilation"], "reviews": ["Si vous habitez dans le quartier de Mazargues ou \u00e0 proximit\u00e9, ne vous pr\u00e9cipitez plus en centre ville pour faire un hammam, la Villa Zola, ouverte en novembre 2012, se charge d\u00e9sormais de vos peaux mortes !", "J'ai d\u00e9couvert ce lieu par un bon d'achat sur le site internet \"beaut\u00e9 priv\u00e9e\" et j'ai donc test\u00e9 hier une session de deux heures qui comprenait hammam/gommage/enveloppement rassoul/massage oriental.", "Ce fut exquis. La jeune fille qui s'est occup\u00e9 de moi \u00e9tait super agr\u00e9able, avenante et le massage \u00e9tait parfait.", "Le lieu est m\u00e9ga propre et chaleureux, toutes les pi\u00e8ces sont chauff\u00e9es, on se p\u00e8le pas dans le vestiaire, comme c'est le cas dans d'autres endroits en hiver.", "Pas besoin d'amener quoique ce soit, tout est fourni sur place. Serviettes, tongs \u00e0 usage unique, savon noir et m\u00eame s\u00e8che-cheveux \u00e0 la fin car la Villa Zola fait \u00e9galement salon de coiffure, \u00e9pilation, soin du visage, onglerie, un vrai salon de beaut\u00e9 !", "Le plus de ce lieu c'est que le hammam est \u00e0 usage privatif. C'est \u00e0 dire qu'on prend rendez-vous et le hammam est \u00e0 nous.", "Qu'on soit seule, comme c'\u00e9tait mon cas hier, avec son ch\u00e9ri ou avec des copines, il n'y aura personne d'autre dans cette salle chaude-bouillante \u00e0 souhait avec des petites \u00e9toiles qui brillent au plafond et \u00e7a c'est vachement appr\u00e9ciable.", "Il y a des tas de formules mises en place et le tarif est d\u00e9gressif selon le nombre de personnes.", "J'ai pass\u00e9 deux heures de bonheur et de d\u00e9tente hier apr\u00e8s midi et apr\u00e8s une bonne grippe, rien de tel qu'un bon hammam pour faire dispara\u00eetre les toxines !"]},
{"name": "Cosmoligne Day-Spa", "url": "https://www.yelp.fr//biz/cosmoligne-day-spa-marseille?osq=spa", "stars": "4.5 \u00e9toiles", "n_votes": "3 avis", "address": "19 bis Avenue Mazargues 13008 Marseille", "phone": "04 91 22 20 76", "amenities": [], "reviews": ["tres tres bien.", " tr\u00e8s propre et tr\u00e8s professionnel", "r\u00e9gine est tr\u00e8s proche de ses clientes et conseille les meilleurs soins sans \"pousser\"et sans b\u00e2cler ses clientes.", " se tient au courant des nouveaut\u00e9s (sorti derni\u00e8rement un laser \"d\u00e9froissant et raffermissant\")"]},
{"name": "InterContinental Marseille - Hotel Dieu", "url": "https://www.yelp.fr//biz/intercontinental-marseille-hotel-dieu-marseille-2?osq=spa", "stars": "4 \u00e9toiles", "n_votes": "35 avis", "address": "1 place Daviel 13002 Marseille", "phone": "04 13 42 42 42", "amenities": ["H\u00f4tels"], "reviews": ["C'\u00e9tait mon r\u00eave, je l'ai r\u00e9alis\u00e9 et je n'ai pas \u00e9t\u00e9 d\u00e9\u00e7ue !", "Le luxe de l'H\u00f4tel Dieu vous surprendra ;) autant \u00e0 l'ext\u00e9rieur qu'\u00e0 l'int\u00e9rieur. ", "Le service est irr\u00e9prochable et le confort absolu.", "Ce que j'ai pr\u00e9f\u00e9r\u00e9, c'est le petit d\u00e9jeuner servi au restaurant Les Fen\u00eatres. La vue de la terrasse sur Notre-Dame de la Garde est superbe. Les produits sont de qualit\u00e9 et vous pouvez tr\u00e8s bien \"bruncher\". Le buffet est impressionnant. Vous y trouverez m\u00eame des nouilles asiatiques. ", "J'ai \u00e9galement appr\u00e9ci\u00e9 y d\u00eener. J'en ai pris plein les yeux et le prix du restaurant reste raisonnable. Le lieu est tr\u00e8s romantique. Je vous recommande de r\u00e9server une table pour une soir\u00e9e en amoureux.", "Gros plus : ", "- la piscine du Spa Clarins est magique ", "- le service conciergerie et ses bons plans"]},
{"name": "Senteurs Spa", "url": "https://www.yelp.fr//biz/senteurs-spa-plan-de-cuques?osq=spa", "stars": null, "n_votes": null, "address": null, "phone": "55 avenue Paul Sirvent 13380 Plan de Cuques", "amenities": [], "reviews": []},
{"name": "Sofitel", "url": "https://www.yelp.fr//biz/sofitel-marseille-2?osq=spa", "stars": "4 \u00e9toiles", "n_votes": "41 avis", "address": "36 boulevard Charles Livon 13007 Marseille", "phone": "04 91 15 59 00", "amenities": ["H\u00f4tels"], "reviews": ["Hotel tr\u00e8s confortable.", "Le personnel est toujours pr\u00eat \u00e0 rendre service et s'enquiert de ce dont on pourrait avoir besoin. Dans le cas o\u00f9 on y s\u00e9journe plusieurs fois d'affil\u00e9es, il est possible de laisser des affaires sur place et on les retrouve dans notre chambre lors du s\u00e9jour d'apr\u00e8s.", "Les installations de l'h\u00f4tel sont en bon \u00e9tat et tr\u00e8s utiles. La salle de sport dispose de tout ce dont on peut d\u00e9sirer. Le spa n'est pas immense mais on trouve des cr\u00e9neaux durant lesquels il y a peu de monde.", "La vue des chambre ou du restaurant est formidable. Probablement la plus belle vue de Marseille avec la vue depuis le fort.", "Quand aux chambres, elles sont spacieuses et le lit est tr\u00e8s confortable.", "Seuls points n\u00e9gatifs : pas de baignoire dans la salle de bain et peu de renouvellement de la carte du room service.", "En r\u00e9sum\u00e9, un h\u00f4tel dans lequel on retourne sans h\u00e9siter !"]},
{"name": "Caf\u00e9 des Ongles", "url": "https://www.yelp.fr//biz/caf%C3%A9-des-ongles-marseille?osq=spa", "stars": "4 \u00e9toiles", "n_votes": "1 avis", "address": "10 place de la Joliette 13002 Marseille", "phone": "06 13 59 26 53", "amenities": ["Manucure & Pedicure"], "reviews": ["Situ\u00e9 au coeur des Docks, le caf\u00e9 des ongles est un petit salon de p\u00e9dicure/manucure avec ou sans rendez vous. ", "Comme j'ai trop souvent la flemme de me faire une manucure digne de ce nom, j'ai eu envie de tester cette enseigne ind\u00e9pendante devant laquelle je suis pass\u00e9e de nombreuses fois. Il faut dire qu'\u00e0 6 euros la pose de vernis simple, cela fait envie ! ", "A l'int\u00e9rieur, tout est propre et l'esth\u00e9ticienne n'h\u00e9site pas \u00e0 repondre \u00e0 vos questions. Ici pas de vernis OPI ou Essie, c'est CND, une marque am\u00e9ricaine sp\u00e9cialis\u00e9e dans l'onglerie qui est mise \u00e0 l'honneur. ", "Vernis semi-permanent, massages des mains et des pieds ou bien encore soins type SPA, il y en a pour tous les go\u00fbts et tous les budgets ! ", "Bref un endroit plut\u00f4t sympa, adapt\u00e9 m\u00eame aux petits budgets et o\u00f9 on ne vous force pas \u00e0 acheter vernis, dissolvants et autres cr\u00e8mes... J'adh\u00e8re ! ^^"]},
{"name": "Institut Spa V\u00e9ronique Mambrini", "url": "https://www.yelp.fr//biz/institut-spa-v%C3%A9ronique-mambrini-marseille?osq=spa", "stars": null, "n_votes": null, "address": null, "phone": "70 rue d'Italie 13006 Marseille", "amenities": [], "reviews": []},
{"name": "O Lounge Fish Spa", "url": "https://www.yelp.fr//biz/o-lounge-fish-spa-marseille?osq=spa", "stars": null, "n_votes": null, "address": "25 rue Bussy l'Indien 13006 Marseille", "phone": "06 16 72 95 48", "amenities": [], "reviews": []},
{"name": "Argan & Beaut\u00e9", "url": "https://www.yelp.fr//biz/argan-et-beaut%C3%A9-marseille?osq=spa", "stars": "5 \u00e9toiles", "n_votes": "1 avis", "address": null, "phone": null, "amenities": [], "reviews": ["Institut qui propose des soins vraiment complets et souvent \u00e0 base d'eau. Je conseille \u00e0 tout le monde le spa jet mais c'est aussi un plaisir de venir profiter du sauna et du hammam."]},
{"name": "Spa by Clarins", "url": "https://www.yelp.fr//biz/spa-by-clarins-marseille?osq=spa", "stars": null, "n_votes": null, "address": "1 place Daviel 13002 Marseille", "phone": "04 13 42 42 43", "amenities": [], "reviews": []},
{"name": "Centre Salvia", "url": "https://www.yelp.fr//biz/centre-salvia-marseille?osq=spa", "stars": "3 \u00e9toiles", "n_votes": "1 avis", "address": null, "phone": "141 ave des Chartreux 13004 Marseille", "amenities": [], "reviews": ["Cet institut de beaut\u00e9 et spa propose une large gamme de soins que l'on ne retrouve pas forc\u00e9ment dans tous les centres de beaut\u00e9.", "On y retrouve les traditionnels soins pr\u00e9sents en institut : maquillage, manucure,\u00e9pilation, gommage, drainage, soins du visage et du corps.", "Mais sa sp\u00e9cificit\u00e9 tient dans ses diff\u00e9rentes formules de soin qui visent un r\u00e9\u00e9quilibrage \u00e9nerg\u00e9tique, en agissant sur les circuits nerveux.", "Ses soins comprennent de la r\u00e9flexologie plantaire, qui utilise les terminaison nerveuses plantaires pour \u00e9liminer les tensions et la digitopuncture, un massage d'origine tib\u00e9taine qui agit par pression sur les circuits nerveux.", "Les orincipes de la m\u00e9thode holisitque sont \u00e9galement appliqu\u00e9s: celle-ci consiste \u00e0 s'occuper en m\u00eame temps des quatre corps qui composent l'\u00eatre humain: physique, \u00e9motionnel, mental et spirituel. ", "Le soin \"Harmonie du corps et de l'esprit\" est tr\u00e8s agr\u00e9able. \u00a0Il propose un modelage relaxant (efficace contre le stress), une r\u00e9flexologie des terminaisons nerveuses plantaires et de la digitopuncture, une pratique qui utilise les m\u00e9ridiens pour lutter contre la fatigue musculaire.", "Une bonne adresse pour prendre du temps pour soi, se relaxer dans un cadre agr\u00e9able et repartir avec une \u00e9nergie renouvel\u00e9e."]},
{"name": "Novotel Marseille Vieux Port", "url": "https://www.yelp.fr//biz/novotel-marseille-vieux-port-marseille?osq=spa", "stars": "3.5 \u00e9toiles", "n_votes": "17 avis", "address": "36 boulevard Charles Livon 13007 Marseille", "phone": "04 96 11 42 11", "amenities": ["H\u00f4tels"], "reviews": ["Cet h\u00f4tel a un gros point fort qui est le restaurant avec sa terrasse et sa vue panoramique sur le vieux port.", "Les chambres sont tr\u00e8s biens et spacieuses, le petit d\u00e9j vari\u00e9 mais sans plus.", "L'accueil est aussi tr\u00e8s bien et on est \u00e0 deux pas du vieux port, de quoi passer un bon s\u00e9jour."]},
{"name": "Gym Grand Pavois Star Fitness", "url": "https://www.yelp.fr//biz/gym-grand-pavois-star-fitness-marseille-2?osq=spa", "stars": "3 \u00e9toiles", "n_votes": "9 avis", "address": "330 Avenue Prado 13008 Marseille", "phone": "04 91 29 09 09", "amenities": [], "reviews": ["star fitness est le num\u00e9ro 1 des salles de sport \u00e0 Marseille.", "On va y faire du sport des rencontres passer un bon moment avec les services annexes propos\u00e9. Un endroit super mais \u00e7a a un cout tr\u00e9s important"]},
{"name": null, "url": "https://www.yelp.fr//biz/fondation-assistance-aux-animaux-marseille?osq=spa", "stars": null, "n_votes": null, "address": null, "phone": null, "amenities": [], "reviews": []},
{"name": "Philippe Prin-Derre", "url": "https://www.yelp.fr//biz/philippe-prin-derre-marseille?osq=spa", "stars": "3 \u00e9toiles", "n_votes": "17 avis", "address": "444 Rue Paradis 13008 Marseille", "phone": "04 91 71 74 51", "amenities": ["Coiffeurs & salons de coiffure"], "reviews": ["Ca c'est du coiffeur. ", "Je tenais \u00e0 vous signaler que la grande nouveaut\u00e9 c'est qu'ils proposent des produits bio pour les cheveux, et ca ca veut dire des cheveux en meilleure sant\u00e9 mais aussi plus de respect de l'environnement.", " En ce sui concerne les coiffeuses, elles sont vraiment sympas et on peut bien discuter avec elles, mais ne vous inqui\u00e9tez pas elles restent tr\u00e8s pros!", " Les coiffures propos\u00e9es sont jeunes et dynamiques, on peut mettre un petit peu de peps dans ses cheveux!", " Le dernier avantage de ce salon c'est qu'on peut y aller sans rendez-vous!"]},
{"name": "Les \u00eeles dea", "url": "https://www.yelp.fr//biz/les-%C3%AEles-dea-plan-de-cuques?osq=spa", "stars": "4 \u00e9toiles", "n_votes": "1 avis", "address": null, "phone": null, "amenities": [], "reviews": ["Situ\u00e9 \u00e0 Plan de cuques, \u00e0 deux pas de chateau Gombert et d'allauch, votre centre de bronzage nouvelle g\u00e9n\u00e9ration vous accueille du lundi au samedi de 9h00 \u00e0 20H00 Non stop.", "Un \u00e9tablissement \u00e9quip\u00e9 de solarium haut de gamme, une ambiance zen dans un cadre cosy et \u00e9pur\u00e9 pour homme et femme. A d\u00e9couvrir absolument.", "Je ne suis pas super branch\u00e9e solarium mais les UV sont b\u00e9n\u00e9fiques pour mon genou donc .... Pour 10\u20ac je me fais du bien \u00eatre soign\u00e9 mon look pour faire moins malade !", "Votre centre de bronzage dispose de solarium haute technologie de la marque ultrasun: Solarium facial / int\u00e9gral : couch\u00e9 & vertical", "Les machines ont beaucoup \u00e9volu\u00e9 ! Maintenant on a la clim, de la musique (sur demande !!) et des zones pr\u00e9-programm\u00e9es ! Bref un bon petit moment", "Les \u00eeles d\u00e9a vous propose \u00e9galement leur service en onglerie et des soins esth\u00e9tiques:", " ", "Soins des mains et pieds: Beaut\u00e9 \u00a0/ Spa / Ongle am\u00e9ricain", "Soins du visage: Nettoyage de peau, soins sp\u00e9cifiques...", "Epilations Femme", "Epilations Homme", "Je n'ai pas encore utilis\u00e9 les autres services mais en tout cas on est bien accueillis et bien conseill\u00e9 ", "...t", " Horaires d'ouverture: Du lundi au vendredi 9h - 20h Non Stop. Samedi 9h - 18h."]},
{"name": "By Mam\u00e9", "url": "https://www.yelp.fr//biz/by-mam%C3%A9-marseille-2?osq=spa", "stars": "3 \u00e9toiles", "n_votes": "1 avis", "address": "5 Avenue de Hambourg 13008 Marseille", "phone": "04 91 56 10 76", "amenities": [], "reviews": ["Ca faisait un moment que j'avais envie d'aller dans ce concept store si particulier. Plus qu'un concept store, un v\u00e9ritable lieu de vie ! By Mam\u00e9 se compose en plusieurs parties : restauration, mode homme et femme, objets d\u00e9co et cuisine, espace spa et manucure (oui, tout \u00e7a !).", "Alors, verdict ? J'y suis all\u00e9e aujourd'hui pour d\u00e9jeuner et je n'ai pas \u00e9t\u00e9 convaincue. Alors oui, le lieu est sublime. Les produits sont bien pr\u00e9sent\u00e9s et l'espace est tr\u00e8s bien agenc\u00e9. Mais je regrette l'accueil et la qualit\u00e9 de la nourriture.", "L'accueil : non pas qu'il \u00e9tait mauvais ou d\u00e9sagr\u00e9able mais \u00e9tant donn\u00e9 le concept du lieu, je m'attendais \u00e0 un accueil plus chaleureux...", "La nourriture : j'ai pris une salade tha\u00ef et une mousse au chocolat faite maison. Rien \u00e0 dire sur le dessert mais je n'ai pas appr\u00e9ci\u00e9 la salade... LE tout pour 12,50\u20ac, c'est un peu cher pour ce que c'est.", "Malgr\u00e9 \u00e7a, j'ai mis 3 \u00e9toiles gr\u00e2ce \u00e0 la beaut\u00e9 et l'originalit\u00e9 du lieu. ", "Ca vaut petit le coup d'oeil ! :)"]},
{"name": "Azur Forme & Beaut\u00e9", "url": "https://www.yelp.fr//biz/azur-forme-et-beaut%C3%A9-marseille?osq=spa", "stars": null, "n_votes": null, "address": null, "phone": "49 Avenue Gaston Bosc Les Baumettes 13009 Marseille", "amenities": [], "reviews": []},
{"name": "CycloPub", "url": "https://www.yelp.fr//biz/cyclopub-aix-en-provence-2?osq=spa", "stars": null, "n_votes": null, "address": "1 avenue des Belges 13100 Aix-en-Provence", "phone": "07 82 58 60 63", "amenities": [], "reviews": []},
{"name": "Institut de Beaut\u00e9 Val Mage", "url": "https://www.yelp.fr//biz/institut-de-beaut%C3%A9-val-mage-plan-de-cuques?osq=spa", "stars": "1 \u00e9toiles", "n_votes": "2 avis", "address": null, "phone": "Avenue Georges Pompidou 13380 Plan de Cuques", "amenities": ["Salons de beaut\u00e9 & Spas"], "reviews": ["tr\u00e8s d\u00e9\u00e7ue, c'est devenu le business, personnel stress\u00e9, accueil mauvais, soin spa mosa\u00eec offert en cadeau de 1 h, le massage a dur\u00e9 40 minutes, et l'esth\u00e9ticienne n'\u00e9tait vraiment pas top, pas un mot, si ce n'est qu'elle avait la cliente suivante. Rien \u00e0 voir avec le valmage d'avant.", "certains instituts sont plus chers mais s'explique par la qualit\u00e9 et la dur\u00e9e du soin est respect\u00e9.", "j'ai vraiment l'impression d'\u00eatre vol\u00e9e."]},
{"name": "L'Escale Romantique", "url": "https://www.yelp.fr//biz/l-escale-romantique-marseille?osq=spa", "stars": null, "n_votes": null, "address": "33 traverse des pl\u00e2tri\u00e8res 13013 Marseille", "phone": "06 18 33 19 75", "amenities": [], "reviews": []}
]